"Selected Nomen","Native Nomen","Reporter","Reporter Name","Product","Product Name","Partner","Partner Name","Tariff Year","Trade Year","Trade Source","DutyType","Simple Average","Weighted Average","Standard Deviation","Minimum Rate","Maximum Rate","Nbr of Total Lines","Nbr of DomesticPeaks","Nbr of InternationalPeaks","Imports Value in 1000 USD","Binding Coverage"
"I2","H0","484","Mexico","1110","Agricultural and livestock production","840","United States",1991,1991,"CMT","AHS",11.58,5.24,7.36,0,20,314,0,87,1446628.677,
"I2","H0","484","Mexico","1110","Agricultural and livestock production","840","United States",1991,1991,"CMT","MFN",11.58,5.24,7.36,0,20,314,0,87,1446628.677,
"I2","H0","484","Mexico","1110","Agricultural and livestock production","840","United States",1995,1995,"CMT","AHS",3.36,4.13,5.78,0,20,308,0,24,1930766.016,
"I2","H0","484","Mexico","1110","Agricultural and livestock production","840","United States",1995,1995,"CMT","BND",32.66,35.95,11.22,0,45,317,0,262,1930766.016,100
"I2","H0","484","Mexico","1110","Agricultural and livestock production","840","United States",1995,1995,"CMT","MFN",11.29,7.2,7.45,0,20,308,0,84,1930766.016,
"I2","H0","484","Mexico","1110","Agricultural and livestock production","840","United States",1995,1995,"CMT","PRF",2.62,3.81,5.05,0,20,,,15,1883112.016,
"I2","H0","484","Mexico","1130","Hunting, trapping and game propagation","840","United States",1991,1991,"CMT","AHS",10.5,10.31,2.76,10,20,12,0,1,5335.249,
"I2","H0","484","Mexico","1130","Hunting, trapping and game propagation","840","United States",1991,1991,"CMT","MFN",10.5,10.31,2.76,10,20,12,0,1,5335.249,
"I2","H0","484","Mexico","1130","Hunting, trapping and game propagation","840","United States",1995,1995,"CMT","AHS",0.89,2.89,4.16,0,16,15,0,1,3525,
"I2","H0","484","Mexico","1130","Hunting, trapping and game propagation","840","United States",1995,1995,"CMT","BND",23.14,22,10.87,9,37.5,31,0,26,3525,100
"I2","H0","484","Mexico","1130","Hunting, trapping and game propagation","840","United States",1995,1995,"CMT","MFN",10,10,3.65,0,20,15,0,1,3525,
"I2","H0","484","Mexico","1130","Hunting, trapping and game propagation","840","United States",1995,1995,"CMT","PRF",0.89,2.89,4.16,0,16,,,1,3525,
"I2","H0","484","Mexico","1210","Forestry","840","United States",1991,1991,"CMT","AHS",10.32,6.22,2.52,0,15,41,0,0,21526.422,
"I2","H0","484","Mexico","1210","Forestry","840","United States",1991,1991,"CMT","MFN",10.32,6.22,2.52,0,15,41,0,0,21526.422,
"I2","H0","484","Mexico","1210","Forestry","840","United States",1995,1995,"CMT","AHS",1.53,0.41,2.3,0,8,39,0,0,23257,
"I2","H0","484","Mexico","1210","Forestry","840","United States",1995,1995,"CMT","BND",28.26,26.38,7.23,5,45,118,0,116,23257,100
"I2","H0","484","Mexico","1210","Forestry","840","United States",1995,1995,"CMT","MFN",10.32,3.88,2.58,0,15,39,0,0,23257,
"I2","H0","484","Mexico","1210","Forestry","840","United States",1995,1995,"CMT","PRF",1.53,0.41,2.3,0,8,,,0,23257,
"I2","H0","484","Mexico","1220","Logging","840","United States",1991,1991,"CMT","AHS",11.22,10.13,3.11,10,20,14,0,1,16691.68,
"I2","H0","484","Mexico","1220","Logging","840","United States",1991,1991,"CMT","MFN",11.22,10.13,3.11,10,20,14,0,1,16691.68,
"I2","H0","484","Mexico","1220","Logging","840","United States",1995,1995,"CMT","AHS",7.54,8,3.23,0,12,14,0,0,6636,
"I2","H0","484","Mexico","1220","Logging","840","United States",1995,1995,"CMT","BND",35,35,0,35,35,10,0,10,6636,100
"I2","H0","484","Mexico","1220","Logging","840","United States",1995,1995,"CMT","MFN",11.22,10.06,3.11,10,20,14,0,1,6636,
"I2","H0","484","Mexico","1220","Logging","840","United States",1995,1995,"CMT","PRF",7.54,8,3.23,0,12,,,0,6636,
"I2","H0","484","Mexico","1301","Ocean and coastal fishing","840","United States",1991,1991,"CMT","AHS",19.14,18.46,3.18,10,20,79,0,70,6477.177,
"I2","H0","484","Mexico","1301","Ocean and coastal fishing","840","United States",1991,1991,"CMT","MFN",19.14,18.46,3.18,10,20,79,0,70,6477.177,
"I2","H0","484","Mexico","1301","Ocean and coastal fishing","840","United States",1995,1995,"CMT","AHS",5.25,9.59,6.84,0,20,74,0,12,13568,
"I2","H0","484","Mexico","1301","Ocean and coastal fishing","840","United States",1995,1995,"CMT","BND",34.65,34.99,3.95,0,36,93,0,92,13568,100
"I2","H0","484","Mexico","1301","Ocean and coastal fishing","840","United States",1995,1995,"CMT","MFN",18.96,18.78,3.11,10,20,74,0,66,13568,
"I2","H0","484","Mexico","1301","Ocean and coastal fishing","840","United States",1995,1995,"CMT","PRF",5.03,9.59,6.66,0,16,,,11,13565,
"I2","H0","484","Mexico","1302","Fishing not elsewhere classified","840","United States",1991,1991,"CMT","AHS",10,10,0,10,10,2,0,0,97.873,
"I2","H0","484","Mexico","1302","Fishing not elsewhere classified","840","United States",1991,1991,"CMT","MFN",10,10,0,10,10,2,0,0,97.873,
"I2","H0","484","Mexico","1302","Fishing not elsewhere classified","840","United States",1995,1995,"CMT","AHS",10,10,0,10,10,2,0,0,18,
"I2","H0","484","Mexico","1302","Fishing not elsewhere classified","840","United States",1995,1995,"CMT","BND",35,35,0,35,35,1,0,1,18,100
"I2","H0","484","Mexico","1302","Fishing not elsewhere classified","840","United States",1995,1995,"CMT","MFN",10,10,0,10,10,2,0,0,18,
"I2","H0","484","Mexico","2100","Coal mining","840","United States",1991,1991,"CMT","AHS",10,10,0,10,10,6,0,0,4731.27,
"I2","H0","484","Mexico","2100","Coal mining","840","United States",1991,1991,"CMT","MFN",10,10,0,10,10,6,0,0,4731.27,
"I2","H0","484","Mexico","2100","Coal mining","840","United States",1995,1995,"CMT","AHS",0,0,0,0,0,5,0,0,38608,
"I2","H0","484","Mexico","2100","Coal mining","840","United States",1995,1995,"CMT","BND",34,30.91,2,30,35,5,0,5,38608,100
"I2","H0","484","Mexico","2100","Coal mining","840","United States",1995,1995,"CMT","MFN",10,10,0,10,10,5,0,0,38608,
"I2","H0","484","Mexico","2100","Coal mining","840","United States",1995,1995,"CMT","PRF",0,0,0,0,0,,,0,38608,
"I2","H0","484","Mexico","2200","Crude Petroleum and Natural Gas Production","840","United States",1991,1991,"CMT","AHS",6.67,6.99,4.33,0,10,12,0,0,194098.503,
"I2","H0","484","Mexico","2200","Crude Petroleum and Natural Gas Production","840","United States",1991,1991,"CMT","MFN",6.67,6.99,4.33,0,10,12,0,0,194098.503,
"I2","H0","484","Mexico","2200","Crude Petroleum and Natural Gas Production","840","United States",1995,1995,"CMT","AHS",4.95,5.06,3.98,0,8,9,0,0,321428.992,
"I2","H0","484","Mexico","2200","Crude Petroleum and Natural Gas Production","840","United States",1995,1995,"CMT","BND",35,35,0,35,35,7,0,7,321428.992,100
"I2","H0","484","Mexico","2200","Crude Petroleum and Natural Gas Production","840","United States",1995,1995,"CMT","MFN",6.67,8.08,4.71,0,10,9,0,0,321428.992,
"I2","H0","484","Mexico","2200","Crude Petroleum and Natural Gas Production","840","United States",1995,1995,"CMT","PRF",4.95,5.06,3.98,0,8,,,0,321428.992,
"I2","H0","484","Mexico","2301","Iron ore mining","840","United States",1991,1991,"CMT","AHS",10,10,0,10,10,2,0,0,45.438,
"I2","H0","484","Mexico","2301","Iron ore mining","840","United States",1991,1991,"CMT","MFN",10,10,0,10,10,2,0,0,45.438,
"I2","H0","484","Mexico","2301","Iron ore mining","840","United States",1995,1995,"CMT","AHS",0,0,0,0,0,2,0,0,1047,
"I2","H0","484","Mexico","2301","Iron ore mining","840","United States",1995,1995,"CMT","BND",35,35,0,35,35,2,0,2,1047,100
"I2","H0","484","Mexico","2301","Iron ore mining","840","United States",1995,1995,"CMT","MFN",10,10,0,10,10,2,0,0,1047,
"I2","H0","484","Mexico","2301","Iron ore mining","840","United States",1995,1995,"CMT","PRF",0,0,0,0,0,,,0,1047,
"I2","H0","484","Mexico","2302","Non-ferrous metal ore mining","840","United States",1991,1991,"CMT","AHS",8.4,6.95,3.86,0,10,17,0,0,15069.9,
"I2","H0","484","Mexico","2302","Non-ferrous metal ore mining","840","United States",1991,1991,"CMT","MFN",8.4,6.95,3.86,0,10,17,0,0,15069.9,
"I2","H0","484","Mexico","2302","Non-ferrous metal ore mining","840","United States",1995,1995,"CMT","AHS",0.86,0.62,1.98,0,6,16,0,0,16246,
"I2","H0","484","Mexico","2302","Non-ferrous metal ore mining","840","United States",1995,1995,"CMT","BND",32.5,34.92,9.01,0,35,14,0,13,16246,100
"I2","H0","484","Mexico","2302","Non-ferrous metal ore mining","840","United States",1995,1995,"CMT","MFN",8.57,9.49,3.9,0,10,16,0,0,16246,
"I2","H0","484","Mexico","2302","Non-ferrous metal ore mining","840","United States",1995,1995,"CMT","PRF",0.86,0.62,1.98,0,6,,,0,16246,
"I2","H0","484","Mexico","2901","Stone quarrying, clay and sand pits","840","United States",1991,1991,"CMT","AHS",10.43,5.76,3.72,0,20,33,0,1,57367.547,
"I2","H0","484","Mexico","2901","Stone quarrying, clay and sand pits","840","United States",1991,1991,"CMT","MFN",10.43,5.76,3.72,0,20,33,0,1,57367.547,
"I2","H0","484","Mexico","2901","Stone quarrying, clay and sand pits","840","United States",1995,1995,"CMT","AHS",0.79,1.9,2.68,0,12,35,0,0,69283,
"I2","H0","484","Mexico","2901","Stone quarrying, clay and sand pits","840","United States",1995,1995,"CMT","BND",35,35,0,35,35,33,0,33,69283,100
"I2","H0","484","Mexico","2901","Stone quarrying, clay and sand pits","840","United States",1995,1995,"CMT","MFN",10.68,5.84,3.74,0,20,35,0,1,69283,
"I2","H0","484","Mexico","2901","Stone quarrying, clay and sand pits","840","United States",1995,1995,"CMT","PRF",0.79,1.9,2.68,0,12,,,0,69283,
"I2","H0","484","Mexico","2902","Chemical and fertilizer mineral mining","840","United States",1991,1991,"CMT","AHS",9.06,6.33,2.78,0,10,26,0,0,53933.722,
"I2","H0","484","Mexico","2902","Chemical and fertilizer mineral mining","840","United States",1991,1991,"CMT","MFN",9.06,6.33,2.78,0,10,26,0,0,53933.722,
"I2","H0","484","Mexico","2902","Chemical and fertilizer mineral mining","840","United States",1995,1995,"CMT","AHS",0.99,0.63,2.36,0,8,26,0,0,45458,
"I2","H0","484","Mexico","2902","Chemical and fertilizer mineral mining","840","United States",1995,1995,"CMT","BND",30.85,31.88,7.58,10,50,44,0,41,45458,100
"I2","H0","484","Mexico","2902","Chemical and fertilizer mineral mining","840","United States",1995,1995,"CMT","MFN",7.87,8.34,3.96,0,10,26,0,0,45458,
"I2","H0","484","Mexico","2902","Chemical and fertilizer mineral mining","840","United States",1995,1995,"CMT","PRF",0.99,0.63,2.36,0,8,,,0,45458,
"I2","H0","484","Mexico","2903","Salt mining","840","United States",1991,1991,"CMT","AHS",10,10,0,10,10,2,0,0,4601.018,
"I2","H0","484","Mexico","2903","Salt mining","840","United States",1991,1991,"CMT","MFN",10,10,0,10,10,2,0,0,4601.018,
"I2","H0","484","Mexico","2903","Salt mining","840","United States",1995,1995,"CMT","AHS",0,0,0,0,0,1,0,0,4805,
"I2","H0","484","Mexico","2903","Salt mining","840","United States",1995,1995,"CMT","BND",35,35,0,35,35,1,0,1,4805,100
"I2","H0","484","Mexico","2903","Salt mining","840","United States",1995,1995,"CMT","MFN",10,10,0,10,10,1,0,0,4805,
"I2","H0","484","Mexico","2903","Salt mining","840","United States",1995,1995,"CMT","PRF",0,0,0,0,0,,,0,4805,
"I2","H0","484","Mexico","2909","Mining and quarrying not elsewhere classified","840","United States",1991,1991,"CMT","AHS",9.6,8.79,2.46,0,10,31,0,0,18702.987,
"I2","H0","484","Mexico","2909","Mining and quarrying not elsewhere classified","840","United States",1991,1991,"CMT","MFN",9.6,8.79,2.46,0,10,31,0,0,18702.987,
"I2","H0","484","Mexico","2909","Mining and quarrying not elsewhere classified","840","United States",1995,1995,"CMT","AHS",0.92,1.96,2.51,0,8,27,0,0,21595,
"I2","H0","484","Mexico","2909","Mining and quarrying not elsewhere classified","840","United States",1995,1995,"CMT","BND",33.71,34.5,8.48,0,50,36,0,34,21595,100
"I2","H0","484","Mexico","2909","Mining and quarrying not elsewhere classified","840","United States",1995,1995,"CMT","MFN",9.62,9.86,2.62,0,10,27,0,0,21595,
"I2","H0","484","Mexico","2909","Mining and quarrying not elsewhere classified","840","United States",1995,1995,"CMT","PRF",0.92,1.96,2.51,0,8,,,0,21595,
"I2","H0","484","Mexico","3111","Slaughtering, preparing and preserving meat","840","United States",1991,1991,"CMT","AHS",11.51,7.34,6.07,0,20,99,0,26,824422.374,
"I2","H0","484","Mexico","3111","Slaughtering, preparing and preserving meat","840","United States",1991,1991,"CMT","MFN",11.51,7.34,6.07,0,20,99,0,26,824422.374,
"I2","H0","484","Mexico","3111","Slaughtering, preparing and preserving meat","840","United States",1995,1995,"CMT","AHS",8.55,7.87,5.83,0,20,102,0,27,728246,
"I2","H0","484","Mexico","3111","Slaughtering, preparing and preserving meat","840","United States",1995,1995,"CMT","BND",33.96,31.95,13.53,0,45,127,0,85,728246,100
"I2","H0","484","Mexico","3111","Slaughtering, preparing and preserving meat","840","United States",1995,1995,"CMT","MFN",13.07,12.22,6.15,0,25,102,0,35,728246,
"I2","H0","484","Mexico","3111","Slaughtering, preparing and preserving meat","840","United States",1995,1995,"CMT","PRF",8.19,6.91,6.1,0,20,,,25,525710,
"I2","H0","484","Mexico","3112","Manufacture of dairy products","840","United States",1991,1991,"CMT","AHS",15.4,11.06,6.01,0,20,45,0,24,125377.144,
"I2","H0","484","Mexico","3112","Manufacture of dairy products","840","United States",1991,1991,"CMT","MFN",15.4,11.06,6.01,0,20,45,0,24,125377.144,
"I2","H0","484","Mexico","3112","Manufacture of dairy products","840","United States",1995,1995,"CMT","AHS",12.48,8.05,4.75,0,16,45,0,26,158516,
"I2","H0","484","Mexico","3112","Manufacture of dairy products","840","United States",1995,1995,"CMT","BND",36.79,38.2,7.69,9,45,36,0,25,158516,100
"I2","H0","484","Mexico","3112","Manufacture of dairy products","840","United States",1995,1995,"CMT","MFN",15.54,10.06,5.98,0,20,45,0,26,158516,
"I2","H0","484","Mexico","3112","Manufacture of dairy products","840","United States",1995,1995,"CMT","PRF",12.48,8.05,4.75,0,16,,,26,158516,
"I2","H0","484","Mexico","3113","Canning and preserving of fruits and vegetables","840","United States",1991,1991,"CMT","AHS",18.89,19.71,2.43,10,20,69,0,55,43704.071,
"I2","H0","484","Mexico","3113","Canning and preserving of fruits and vegetables","840","United States",1991,1991,"CMT","MFN",18.89,19.71,2.43,10,20,69,0,55,43704.071,
"I2","H0","484","Mexico","3113","Canning and preserving of fruits and vegetables","840","United States",1995,1995,"CMT","AHS",9.89,11.96,8.46,0,20,96,0,43,57431,
"I2","H0","484","Mexico","3113","Canning and preserving of fruits and vegetables","840","United States",1995,1995,"CMT","BND",38.88,38.25,4.15,25,45,117,0,117,57431,100
"I2","H0","484","Mexico","3113","Canning and preserving of fruits and vegetables","840","United States",1995,1995,"CMT","MFN",19.09,19.46,1.91,15,20,96,0,79,57431,
"I2","H0","484","Mexico","3113","Canning and preserving of fruits and vegetables","840","United States",1995,1995,"CMT","PRF",8.58,11.38,8.32,0,20,,,35,53579,
"I2","H0","484","Mexico","3114","Canning, preserving and processing of fish, crusta","840","United States",1991,1991,"CMT","AHS",17.87,16.18,4.12,10,20,28,0,20,14112.588,
"I2","H0","484","Mexico","3114","Canning, preserving and processing of fish, crusta","840","United States",1991,1991,"CMT","MFN",17.87,16.18,4.12,10,20,28,0,20,14112.588,
"I2","H0","484","Mexico","3114","Canning, preserving and processing of fish, crusta","840","United States",1995,1995,"CMT","AHS",7.63,10.53,7.31,0,20,26,0,6,10101,
"I2","H0","484","Mexico","3114","Canning, preserving and processing of fish, crusta","840","United States",1995,1995,"CMT","BND",35,35,0,35,35,18,0,18,10101,100
"I2","H0","484","Mexico","3114","Canning, preserving and processing of fish, crusta","840","United States",1995,1995,"CMT","MFN",18.61,18.94,3.65,10,20,26,0,21,10101,
"I2","H0","484","Mexico","3114","Canning, preserving and processing of fish, crusta","840","United States",1995,1995,"CMT","PRF",6.9,10.24,6.67,0,17.34,,,4,9794,
"I2","H0","484","Mexico","3115","Manufacture of vegetable and animal oils and fats","840","United States",1991,1991,"CMT","AHS",13.99,13.87,4.34,10,20,70,0,19,170369.53,
"I2","H0","484","Mexico","3115","Manufacture of vegetable and animal oils and fats","840","United States",1991,1991,"CMT","MFN",13.99,13.87,4.34,10,20,70,0,19,170369.53,
"I2","H0","484","Mexico","3115","Manufacture of vegetable and animal oils and fats","840","United States",1995,1995,"CMT","AHS",9.95,9.66,5.73,0,20,67,0,16,310547,
"I2","H0","484","Mexico","3115","Manufacture of vegetable and animal oils and fats","840","United States",1995,1995,"CMT","BND",41.68,40.02,6.09,22.5,45,58,0,57,310547,100
"I2","H0","484","Mexico","3115","Manufacture of vegetable and animal oils and fats","840","United States",1995,1995,"CMT","MFN",14.06,12.16,4.3,10,20,67,0,19,310547,
"I2","H0","484","Mexico","3115","Manufacture of vegetable and animal oils and fats","840","United States",1995,1995,"CMT","PRF",9.74,9.66,5.61,0,16,,,15,310540,
"I2","H0","484","Mexico","3116","Grain mill products","840","United States",1991,1991,"CMT","AHS",11.76,13.8,2.71,10,20,36,0,1,54416.135,
"I2","H0","484","Mexico","3116","Grain mill products","840","United States",1991,1991,"CMT","MFN",11.76,13.8,2.71,10,20,36,0,1,54416.135,
"I2","H0","484","Mexico","3116","Grain mill products","840","United States",1995,1995,"CMT","AHS",9.43,10.44,2.39,6,16,30,0,1,94726,
"I2","H0","484","Mexico","3116","Grain mill products","840","United States",1995,1995,"CMT","BND",40.18,42.16,4.47,36,45,40,0,34,94726,100
"I2","H0","484","Mexico","3116","Grain mill products","840","United States",1995,1995,"CMT","MFN",11.96,13.07,2.79,10,20,30,0,1,94726,
"I2","H0","484","Mexico","3116","Grain mill products","840","United States",1995,1995,"CMT","PRF",9.43,10.44,2.39,6,16,,,1,94726,
"I2","H0","484","Mexico","3117","Manufacture of bakery products","840","United States",1991,1991,"CMT","AHS",10.77,10.05,2.35,10,20,17,0,1,39435.475,
"I2","H0","484","Mexico","3117","Manufacture of bakery products","840","United States",1991,1991,"CMT","MFN",10.77,10.05,2.35,10,20,17,0,1,39435.475,
"I2","H0","484","Mexico","3117","Manufacture of bakery products","840","United States",1995,1995,"CMT","AHS",7.42,5.67,2.86,0,16,20,0,1,51361,
"I2","H0","484","Mexico","3117","Manufacture of bakery products","840","United States",1995,1995,"CMT","BND",36.17,35.85,4.18,22.5,45,28,0,15,51361,100
"I2","H0","484","Mexico","3117","Manufacture of bakery products","840","United States",1995,1995,"CMT","MFN",10.77,10.04,2.18,10,20,20,0,1,51361,
"I2","H0","484","Mexico","3117","Manufacture of bakery products","840","United States",1995,1995,"CMT","PRF",7.42,5.67,2.86,0,16,,,1,51361,
"I2","H0","484","Mexico","3118","Sugar factories and refineries","840","United States",1991,1991,"CMT","AHS",11.78,11.81,2.82,5,15,24,0,0,115536.514,
"I2","H0","484","Mexico","3118","Sugar factories and refineries","840","United States",1991,1991,"CMT","MFN",11.78,11.81,2.82,5,15,24,0,0,115536.514,
"I2","H0","484","Mexico","3118","Sugar factories and refineries","840","United States",1995,1995,"CMT","AHS",6.49,9.22,5.28,0,12,24,0,0,91584,
"I2","H0","484","Mexico","3118","Sugar factories and refineries","840","United States",1995,1995,"CMT","BND",41.25,37.07,4.36,36,45,17,0,8,91584,100
"I2","H0","484","Mexico","3118","Sugar factories and refineries","840","United States",1995,1995,"CMT","MFN",8.61,11.63,6.44,0,15,24,0,0,91584,
"I2","H0","484","Mexico","3118","Sugar factories and refineries","840","United States",1995,1995,"CMT","PRF",8.85,10.72,4.35,0,12,,,0,78741,
"I2","H0","484","Mexico","3119","Manufacture of cocoa, chocolate and sugar confecti","840","United States",1991,1991,"CMT","AHS",18.86,19.96,2.17,15,20,12,0,9,79780.025,
"I2","H0","484","Mexico","3119","Manufacture of cocoa, chocolate and sugar confecti","840","United States",1991,1991,"CMT","MFN",18.86,19.96,2.17,15,20,12,0,9,79780.025,
"I2","H0","484","Mexico","3119","Manufacture of cocoa, chocolate and sugar confecti","840","United States",1995,1995,"CMT","AHS",10.5,14.78,7.55,0,20,13,0,8,60334,
"I2","H0","484","Mexico","3119","Manufacture of cocoa, chocolate and sugar confecti","840","United States",1995,1995,"CMT","BND",39.29,43.39,3.2,37,45,17,0,10,60334,100
"I2","H0","484","Mexico","3119","Manufacture of cocoa, chocolate and sugar confecti","840","United States",1995,1995,"CMT","MFN",18.75,19.98,2.11,15,20,13,0,10,60334,
"I2","H0","484","Mexico","3119","Manufacture of cocoa, chocolate and sugar confecti","840","United States",1995,1995,"CMT","PRF",10.5,14.78,7.55,0,20,,,8,60334,
"I2","H0","484","Mexico","3121","Manufacture of food products not elsewhere classif","840","United States",1991,1991,"CMT","AHS",16.37,15.82,3.45,10,20,46,0,15,95012.239,
"I2","H0","484","Mexico","3121","Manufacture of food products not elsewhere classif","840","United States",1991,1991,"CMT","MFN",16.37,15.82,3.45,10,20,46,0,15,95012.239,
"I2","H0","484","Mexico","3121","Manufacture of food products not elsewhere classif","840","United States",1995,1995,"CMT","AHS",10.4,12.09,5.82,0,20,50,0,12,173550,
"I2","H0","484","Mexico","3121","Manufacture of food products not elsewhere classif","840","United States",1995,1995,"CMT","BND",39.17,38.38,9.52,18,72,67,0,54,173550,100
"I2","H0","484","Mexico","3121","Manufacture of food products not elsewhere classif","840","United States",1995,1995,"CMT","MFN",16.26,15.81,3.37,10,20,50,0,16,173550,
"I2","H0","484","Mexico","3121","Manufacture of food products not elsewhere classif","840","United States",1995,1995,"CMT","PRF",10.08,11.91,5.71,0,20,,,11,169666,
"I2","H0","484","Mexico","3122","Manufacture of prepared animal feeds","840","United States",1991,1991,"CMT","AHS",10.5,10.83,2.87,10,20,11,0,1,34019.531,
"I2","H0","484","Mexico","3122","Manufacture of prepared animal feeds","840","United States",1991,1991,"CMT","MFN",10.5,10.83,2.87,10,20,11,0,1,34019.531,
"I2","H0","484","Mexico","3122","Manufacture of prepared animal feeds","840","United States",1995,1995,"CMT","AHS",6.92,6.61,4.64,0,16,13,0,1,64912,
"I2","H0","484","Mexico","3122","Manufacture of prepared animal feeds","840","United States",1995,1995,"CMT","BND",36,36,0,36,36,2,0,2,64912,100
"I2","H0","484","Mexico","3122","Manufacture of prepared animal feeds","840","United States",1995,1995,"CMT","MFN",9.17,8.93,5.33,0,20,13,0,1,64912,
"I2","H0","484","Mexico","3122","Manufacture of prepared animal feeds","840","United States",1995,1995,"CMT","PRF",6.92,6.61,4.64,0,16,,,1,64912,
"I2","H0","484","Mexico","3132","Wine industries","840","United States",1991,1991,"CMT","AHS",20,20,0,20,20,11,0,11,1990.711,
"I2","H0","484","Mexico","3132","Wine industries","840","United States",1991,1991,"CMT","MFN",20,20,0,20,20,11,0,11,1990.711,
"I2","H0","484","Mexico","3132","Wine industries","840","United States",1995,1995,"CMT","AHS",11.33,6.56,5.53,0,16,12,0,5,2481,
"I2","H0","484","Mexico","3132","Wine industries","840","United States",1995,1995,"CMT","BND",42.13,39.72,4.5,36,45,12,0,12,2481,100
"I2","H0","484","Mexico","3132","Wine industries","840","United States",1995,1995,"CMT","MFN",20,20,0,20,20,12,0,12,2481,
"I2","H0","484","Mexico","3132","Wine industries","840","United States",1995,1995,"CMT","PRF",11.33,6.56,5.53,0,16,,,5,2481,
"I2","H0","484","Mexico","3133","Malt liqors and malt","840","United States",1991,1991,"CMT","AHS",13.33,14.12,4.71,10,20,3,0,1,27298.182,
"I2","H0","484","Mexico","3133","Malt liqors and malt","840","United States",1991,1991,"CMT","MFN",13.33,14.12,4.71,10,20,3,0,1,27298.182,
"I2","H0","484","Mexico","3133","Malt liqors and malt","840","United States",1995,1995,"CMT","AHS",13.33,13.74,4.71,10,20,3,0,1,34463,
"I2","H0","484","Mexico","3133","Malt liqors and malt","840","United States",1995,1995,"CMT","BND",36,36,0,36,36,3,0,1,34463,100
"I2","H0","484","Mexico","3133","Malt liqors and malt","840","United States",1995,1995,"CMT","MFN",13.33,13.74,4.71,10,20,3,0,1,34463,
"I2","H0","484","Mexico","3134","Sort drings and carbonated waters industries","840","United States",1991,1991,"CMT","AHS",17.63,18.19,4.44,10,20,26,0,19,39133.38,
"I2","H0","484","Mexico","3134","Sort drings and carbonated waters industries","840","United States",1991,1991,"CMT","MFN",17.63,18.19,4.44,10,20,26,0,19,39133.38,
"I2","H0","484","Mexico","3134","Sort drings and carbonated waters industries","840","United States",1995,1995,"CMT","AHS",10.81,12.27,6.96,0,20,30,0,10,33103,
"I2","H0","484","Mexico","3134","Sort drings and carbonated waters industries","840","United States",1995,1995,"CMT","BND",40.62,38.34,5.59,22.5,45,33,0,24,33103,100
"I2","H0","484","Mexico","3134","Sort drings and carbonated waters industries","840","United States",1995,1995,"CMT","MFN",17.98,18.3,4.23,10,20,30,0,23,33103,
"I2","H0","484","Mexico","3134","Sort drings and carbonated waters industries","840","United States",1995,1995,"CMT","PRF",10.81,12.27,6.96,0,20,,,10,33103,
"I2","H0","484","Mexico","3140","Tobacco manufactures","840","United States",1991,1991,"CMT","AHS",20,20,0,20,20,3,0,3,85.005,
"I2","H0","484","Mexico","3140","Tobacco manufactures","840","United States",1991,1991,"CMT","MFN",20,20,0,20,20,3,0,3,85.005,
"I2","H0","484","Mexico","3140","Tobacco manufactures","840","United States",1995,1995,"CMT","AHS",20,20,0,20,20,7,0,7,958,
"I2","H0","484","Mexico","3140","Tobacco manufactures","840","United States",1995,1995,"CMT","BND",54,60.74,11.02,45,67.5,5,0,5,958,100
"I2","H0","484","Mexico","3140","Tobacco manufactures","840","United States",1995,1995,"CMT","MFN",20,20,0,20,20,7,0,7,958,
"I2","H0","484","Mexico","3140","Tobacco manufactures","840","United States",1995,1995,"CMT","PRF",20,20,0,20,20,,,7,958,
"I2","H0","484","Mexico","3211","Spinning, weawing and finishing textiles","840","United States",1991,1991,"CMT","AHS",14.5,13.38,2.67,0,20,518,0,25,218850.705,
"I2","H0","484","Mexico","3211","Spinning, weawing and finishing textiles","840","United States",1991,1991,"CMT","MFN",14.5,13.38,2.67,0,20,518,0,25,218850.705,
"I2","H0","484","Mexico","3211","Spinning, weawing and finishing textiles","840","United States",1995,1995,"CMT","AHS",9.23,8.93,4.89,0,15.84,561,0,14,979635.008,
"I2","H0","484","Mexico","3211","Spinning, weawing and finishing textiles","840","United States",1995,1995,"CMT","BND",35.07,35.27,2.79,0,50,407,0,405,979635.008,100
"I2","H0","484","Mexico","3211","Spinning, weawing and finishing textiles","840","United States",1995,1995,"CMT","MFN",14.6,14.95,2.38,0,20,561,0,21,979635.008,
"I2","H0","484","Mexico","3211","Spinning, weawing and finishing textiles","840","United States",1995,1995,"CMT","PRF",9.18,8.93,4.89,0,15.84,,,14,978588.008,
"I2","H0","484","Mexico","3212","Manufacture of made-up textile goods except wea in","840","United States",1991,1991,"CMT","AHS",19.51,17.93,2.19,10,20,84,0,67,48880.112,
"I2","H0","484","Mexico","3212","Manufacture of made-up textile goods except wea in","840","United States",1991,1991,"CMT","MFN",19.51,17.93,2.19,10,20,84,0,67,48880.112,
"I2","H0","484","Mexico","3212","Manufacture of made-up textile goods except wea in","840","United States",1995,1995,"CMT","AHS",12.81,10.03,6.29,0,20,72,0,53,218083,
"I2","H0","484","Mexico","3212","Manufacture of made-up textile goods except wea in","840","United States",1995,1995,"CMT","BND",34.96,34.95,0.57,30,35,75,0,75,218083,100
"I2","H0","484","Mexico","3212","Manufacture of made-up textile goods except wea in","840","United States",1995,1995,"CMT","MFN",19.5,15.33,1.98,10,20,72,0,62,218083,
"I2","H0","484","Mexico","3212","Manufacture of made-up textile goods except wea in","840","United States",1995,1995,"CMT","PRF",12.81,10.03,6.29,0,20,,,53,218083,
"I2","H0","484","Mexico","3213","Knitting mills","840","United States",1991,1991,"CMT","AHS",20,20,0,20,20,37,0,37,15990.399,
"I2","H0","484","Mexico","3213","Knitting mills","840","United States",1991,1991,"CMT","MFN",20,20,0,20,20,37,0,37,15990.399,
"I2","H0","484","Mexico","3213","Knitting mills","840","United States",1995,1995,"CMT","AHS",15.96,16.06,0.83,15.84,20,24,0,24,32778,
"I2","H0","484","Mexico","3213","Knitting mills","840","United States",1995,1995,"CMT","BND",35,35,0,35,35,47,0,47,32778,100
"I2","H0","484","Mexico","3213","Knitting mills","840","United States",1995,1995,"CMT","MFN",20,20,0,20,20,24,0,24,32778,
"I2","H0","484","Mexico","3213","Knitting mills","840","United States",1995,1995,"CMT","PRF",15.96,16.06,0.83,15.84,20,,,24,32778,
"I2","H0","484","Mexico","3214","Manufacture of carpets and rugs","840","United States",1991,1991,"CMT","AHS",20,20,0,20,20,29,0,29,49433.725,
"I2","H0","484","Mexico","3214","Manufacture of carpets and rugs","840","United States",1991,1991,"CMT","MFN",20,20,0,20,20,29,0,29,49433.725,
"I2","H0","484","Mexico","3214","Manufacture of carpets and rugs","840","United States",1995,1995,"CMT","AHS",13.93,16.74,6.26,0,20,30,0,25,62405,
"I2","H0","484","Mexico","3214","Manufacture of carpets and rugs","840","United States",1995,1995,"CMT","BND",35,35,0,35,35,34,0,34,62405,100
"I2","H0","484","Mexico","3214","Manufacture of carpets and rugs","840","United States",1995,1995,"CMT","MFN",20,20,0,20,20,30,0,30,62405,
"I2","H0","484","Mexico","3214","Manufacture of carpets and rugs","840","United States",1995,1995,"CMT","PRF",13.69,16.72,6.25,0,20,,,24,62033,
"I2","H0","484","Mexico","3215","Cordage, rope and twine industries","840","United States",1991,1991,"CMT","AHS",14.79,16.58,3.79,10,20,17,0,6,5488.132,
"I2","H0","484","Mexico","3215","Cordage, rope and twine industries","840","United States",1991,1991,"CMT","MFN",14.79,16.58,3.79,10,20,17,0,6,5488.132,
"I2","H0","484","Mexico","3215","Cordage, rope and twine industries","840","United States",1995,1995,"CMT","AHS",6.76,9.71,6.93,0,15.84,14,0,4,48780,
"I2","H0","484","Mexico","3215","Cordage, rope and twine industries","840","United States",1995,1995,"CMT","BND",35,35,0,35,35,12,0,12,48780,100
"I2","H0","484","Mexico","3215","Cordage, rope and twine industries","840","United States",1995,1995,"CMT","MFN",14.79,13.4,3.78,10,20,14,0,4,48780,
"I2","H0","484","Mexico","3215","Cordage, rope and twine industries","840","United States",1995,1995,"CMT","PRF",6.76,9.71,6.93,0,15.84,,,4,48780,
"I2","H0","484","Mexico","3219","Manufacture of textiles not elsewhere classified","840","United States",1991,1991,"CMT","AHS",14.25,14.04,3.2,10,20,54,0,8,19294.606,
"I2","H0","484","Mexico","3219","Manufacture of textiles not elsewhere classified","840","United States",1991,1991,"CMT","MFN",14.25,14.04,3.2,10,20,54,0,8,19294.606,
"I2","H0","484","Mexico","3219","Manufacture of textiles not elsewhere classified","840","United States",1995,1995,"CMT","AHS",7.99,8.66,5.72,0,16,47,0,6,129662,
"I2","H0","484","Mexico","3219","Manufacture of textiles not elsewhere classified","840","United States",1995,1995,"CMT","BND",34.09,33.56,5.81,20,50,39,0,39,129662,100
"I2","H0","484","Mexico","3219","Manufacture of textiles not elsewhere classified","840","United States",1995,1995,"CMT","MFN",13.8,13.78,3.56,10,20,47,0,8,129662,
"I2","H0","484","Mexico","3219","Manufacture of textiles not elsewhere classified","840","United States",1995,1995,"CMT","PRF",7.9,8.64,5.78,0,16,,,6,128040,
"I2","H0","484","Mexico","3220","Manufacture of wearing apparel, except footwear","840","United States",1991,1991,"CMT","AHS",19.39,19.41,3.14,10,20,291,0,253,231039.839,
"I2","H0","484","Mexico","3220","Manufacture of wearing apparel, except footwear","840","United States",1991,1991,"CMT","MFN",19.39,19.41,3.14,10,20,291,0,253,231039.839,
"I2","H0","484","Mexico","3220","Manufacture of wearing apparel, except footwear","840","United States",1995,1995,"CMT","AHS",10.95,9.59,7.53,0,20,375,0,242,1677492.984,
"I2","H0","484","Mexico","3220","Manufacture of wearing apparel, except footwear","840","United States",1995,1995,"CMT","BND",35.08,35.01,1.44,25,50,263,0,263,1677492.984,100
"I2","H0","484","Mexico","3220","Manufacture of wearing apparel, except footwear","840","United States",1995,1995,"CMT","MFN",19.77,19.93,1.48,10,20,375,0,362,1677492.984,
"I2","H0","484","Mexico","3220","Manufacture of wearing apparel, except footwear","840","United States",1995,1995,"CMT","PRF",10.91,9.58,7.52,0,20,,,239,1676137.984,
"I2","H0","484","Mexico","3231","Tanneries and leather finishing","840","United States",1991,1991,"CMT","AHS",9.61,9.19,1.19,5,10,33,0,0,18436.282,
"I2","H0","484","Mexico","3231","Tanneries and leather finishing","840","United States",1991,1991,"CMT","MFN",9.61,9.19,1.19,5,10,33,0,0,18436.282,
"I2","H0","484","Mexico","3231","Tanneries and leather finishing","840","United States",1995,1995,"CMT","AHS",4.33,6.37,3.79,0,10,25,0,0,144909,
"I2","H0","484","Mexico","3231","Tanneries and leather finishing","840","United States",1995,1995,"CMT","BND",29.18,29.36,9.6,9,37,97,0,81,144909,100
"I2","H0","484","Mexico","3231","Tanneries and leather finishing","840","United States",1995,1995,"CMT","MFN",9.03,9.71,2.93,0,10,25,0,0,144909,
"I2","H0","484","Mexico","3231","Tanneries and leather finishing","840","United States",1995,1995,"CMT","PRF",4,6.34,3.65,0,8,,,0,143717,
"I2","H0","484","Mexico","3232","Fur dessing and dyeing industries","840","United States",1991,1991,"CMT","AHS",10,10,0,10,10,7,0,0,282.096,
"I2","H0","484","Mexico","3232","Fur dessing and dyeing industries","840","United States",1991,1991,"CMT","MFN",10,10,0,10,10,7,0,0,282.096,
"I2","H0","484","Mexico","3232","Fur dessing and dyeing industries","840","United States",1995,1995,"CMT","AHS",0,0,0,0,0,5,0,0,6048,
"I2","H0","484","Mexico","3232","Fur dessing and dyeing industries","840","United States",1995,1995,"CMT","BND",35,35,0,35,35,5,0,5,6048,100
"I2","H0","484","Mexico","3232","Fur dessing and dyeing industries","840","United States",1995,1995,"CMT","MFN",10,10,0,10,10,5,0,0,6048,
"I2","H0","484","Mexico","3232","Fur dessing and dyeing industries","840","United States",1995,1995,"CMT","PRF",0,0,0,0,0,,,0,6048,
"I2","H0","484","Mexico","3233","Manufacture of products of leather and leather sub","840","United States",1991,1991,"CMT","AHS",18.31,19.74,2.83,10,20,25,0,16,29614.733,
"I2","H0","484","Mexico","3233","Manufacture of products of leather and leather sub","840","United States",1991,1991,"CMT","MFN",18.31,19.74,2.83,10,20,25,0,16,29614.733,
"I2","H0","484","Mexico","3233","Manufacture of products of leather and leather sub","840","United States",1995,1995,"CMT","AHS",12.16,10.55,6.5,0,16,22,0,12,141827,
"I2","H0","484","Mexico","3233","Manufacture of products of leather and leather sub","840","United States",1995,1995,"CMT","BND",35,35,0,35,35,19,0,19,141827,100
"I2","H0","484","Mexico","3233","Manufacture of products of leather and leather sub","840","United States",1995,1995,"CMT","MFN",18.55,15.48,2.84,10,20,22,0,15,141827,
"I2","H0","484","Mexico","3233","Manufacture of products of leather and leather sub","840","United States",1995,1995,"CMT","PRF",12.28,10.57,6.65,0,16,,,12,135361,
"I2","H0","484","Mexico","3240","Manufacture of footwear, except vulcanized or moul","840","United States",1991,1991,"CMT","AHS",20,20,0,20,20,17,0,17,35275.864,
"I2","H0","484","Mexico","3240","Manufacture of footwear, except vulcanized or moul","840","United States",1991,1991,"CMT","MFN",20,20,0,20,20,17,0,17,35275.864,
"I2","H0","484","Mexico","3240","Manufacture of footwear, except vulcanized or moul","840","United States",1995,1995,"CMT","AHS",14.67,18.27,6.87,0,20,36,0,31,8293,
"I2","H0","484","Mexico","3240","Manufacture of footwear, except vulcanized or moul","840","United States",1995,1995,"CMT","BND",35,35,0,35,35,16,0,16,8293,100
"I2","H0","484","Mexico","3240","Manufacture of footwear, except vulcanized or moul","840","United States",1995,1995,"CMT","MFN",20,20,0,20,20,36,0,36,8293,
"I2","H0","484","Mexico","3240","Manufacture of footwear, except vulcanized or moul","840","United States",1995,1995,"CMT","PRF",11.33,16.39,8.55,0,20,,,14,3962,
"I2","H0","484","Mexico","3311","Sawmille, planing and other wood mills","840","United States",1991,1991,"CMT","AHS",16.8,14.38,3.29,10,20,65,0,24,235427.904,
"I2","H0","484","Mexico","3311","Sawmille, planing and other wood mills","840","United States",1991,1991,"CMT","MFN",16.8,14.38,3.29,10,20,65,0,24,235427.904,
"I2","H0","484","Mexico","3311","Sawmille, planing and other wood mills","840","United States",1995,1995,"CMT","AHS",9.71,10.98,5.52,0,16,60,0,11,265519,
"I2","H0","484","Mexico","3311","Sawmille, planing and other wood mills","840","United States",1995,1995,"CMT","BND",34.59,34.56,2.7,10,35,108,0,107,265519,100
"I2","H0","484","Mexico","3311","Sawmille, planing and other wood mills","840","United States",1995,1995,"CMT","MFN",16.68,15.13,3.39,10,20,60,0,21,265519,
"I2","H0","484","Mexico","3311","Sawmille, planing and other wood mills","840","United States",1995,1995,"CMT","PRF",9.71,10.98,5.52,0,16,,,11,265519,
"I2","H0","484","Mexico","3312","Manufacture of wooden and cane containers and smal","840","United States",1991,1991,"CMT","AHS",20,20,0,20,20,11,0,11,14528.315,
"I2","H0","484","Mexico","3312","Manufacture of wooden and cane containers and smal","840","United States",1991,1991,"CMT","MFN",20,20,0,20,20,11,0,11,14528.315,
"I2","H0","484","Mexico","3312","Manufacture of wooden and cane containers and smal","840","United States",1995,1995,"CMT","AHS",12,12,0,12,12,10,0,0,24384,
"I2","H0","484","Mexico","3312","Manufacture of wooden and cane containers and smal","840","United States",1995,1995,"CMT","BND",35,35,0,35,35,5,0,5,24384,100
"I2","H0","484","Mexico","3312","Manufacture of wooden and cane containers and smal","840","United States",1995,1995,"CMT","MFN",20,20,0,20,20,10,0,10,24384,
"I2","H0","484","Mexico","3312","Manufacture of wooden and cane containers and smal","840","United States",1995,1995,"CMT","PRF",12,12,0,12,12,,,0,24384,
"I2","H0","484","Mexico","3319","Manufacture of wood and cork products not elsewher","840","United States",1991,1991,"CMT","AHS",16.67,17.43,2.95,10,20,14,0,5,3200.428,
"I2","H0","484","Mexico","3319","Manufacture of wood and cork products not elsewher","840","United States",1991,1991,"CMT","MFN",16.67,17.43,2.95,10,20,14,0,5,3200.428,
"I2","H0","484","Mexico","3319","Manufacture of wood and cork products not elsewher","840","United States",1995,1995,"CMT","AHS",5.44,9.38,5.07,0,12,12,0,0,5003,
"I2","H0","484","Mexico","3319","Manufacture of wood and cork products not elsewher","840","United States",1995,1995,"CMT","BND",35,35,0,35,35,8,0,8,5003,100
"I2","H0","484","Mexico","3319","Manufacture of wood and cork products not elsewher","840","United States",1995,1995,"CMT","MFN",16.56,17.11,2.98,10,20,12,0,4,5003,
"I2","H0","484","Mexico","3319","Manufacture of wood and cork products not elsewher","840","United States",1995,1995,"CMT","PRF",5.44,9.38,5.07,0,12,,,0,5003,
"I2","H0","484","Mexico","3320","Manufacture of furniture and fixtures, except prim","840","United States",1991,1991,"CMT","AHS",16.07,15.23,3.63,10,20,32,0,12,133589.056,
"I2","H0","484","Mexico","3320","Manufacture of furniture and fixtures, except prim","840","United States",1991,1991,"CMT","MFN",16.07,15.23,3.63,10,20,32,0,12,133589.056,
"I2","H0","484","Mexico","3320","Manufacture of furniture and fixtures, except prim","840","United States",1995,1995,"CMT","AHS",7.98,4.01,7.28,0,20,29,0,5,274802.008,
"I2","H0","484","Mexico","3320","Manufacture of furniture and fixtures, except prim","840","United States",1995,1995,"CMT","BND",35,35,0,35,35,25,0,25,274802.008,100
"I2","H0","484","Mexico","3320","Manufacture of furniture and fixtures, except prim","840","United States",1995,1995,"CMT","MFN",16.09,13.16,3.39,10,20,29,0,11,274802.008,
"I2","H0","484","Mexico","3320","Manufacture of furniture and fixtures, except prim","840","United States",1995,1995,"CMT","PRF",6.93,3.79,7.19,0,20,,,5,269374.008,
"I2","H0","484","Mexico","3411","Manufacture of pulp, paper and paperboard","840","United States",1991,1991,"CMT","AHS",9.17,5.73,3.02,0,15,239,0,0,687153.977,
"I2","H0","484","Mexico","3411","Manufacture of pulp, paper and paperboard","840","United States",1991,1991,"CMT","MFN",9.17,5.73,3.02,0,15,239,0,0,687153.977,
"I2","H0","484","Mexico","3411","Manufacture of pulp, paper and paperboard","840","United States",1995,1995,"CMT","AHS",4.65,3.83,4,0,15,215,0,0,1468572,
"I2","H0","484","Mexico","3411","Manufacture of pulp, paper and paperboard","840","United States",1995,1995,"CMT","BND",33.89,31.32,11.28,0,50,791,0,760,1468572,100
"I2","H0","484","Mexico","3411","Manufacture of pulp, paper and paperboard","840","United States",1995,1995,"CMT","MFN",9.21,6.43,2.92,0,15,215,0,0,1468572,
"I2","H0","484","Mexico","3411","Manufacture of pulp, paper and paperboard","840","United States",1995,1995,"CMT","PRF",4.28,3.25,3.93,0,15,,,0,1341610,
"I2","H0","484","Mexico","3412","Manufacture of containers and boxes of paper and p","840","United States",1991,1991,"CMT","AHS",10,10,0,10,10,11,0,0,133313.423,
"I2","H0","484","Mexico","3412","Manufacture of containers and boxes of paper and p","840","United States",1991,1991,"CMT","MFN",10,10,0,10,10,11,0,0,133313.423,
"I2","H0","484","Mexico","3412","Manufacture of containers and boxes of paper and p","840","United States",1995,1995,"CMT","AHS",8.75,9.87,0.97,8,10,8,0,0,656709.984,
"I2","H0","484","Mexico","3412","Manufacture of containers and boxes of paper and p","840","United States",1995,1995,"CMT","BND",35,35,0,35,35,8,0,8,656709.984,100
"I2","H0","484","Mexico","3412","Manufacture of containers and boxes of paper and p","840","United States",1995,1995,"CMT","MFN",10,10,0,10,10,8,0,0,656709.984,
"I2","H0","484","Mexico","3412","Manufacture of containers and boxes of paper and p","840","United States",1995,1995,"CMT","PRF",8,8,0,8,8,,,0,41912,
"I2","H0","484","Mexico","3419","Manufacture of pulp, paper and paperboard articles","840","United States",1991,1991,"CMT","AHS",10,10,0,10,10,12,0,0,4374.315,
"I2","H0","484","Mexico","3419","Manufacture of pulp, paper and paperboard articles","840","United States",1991,1991,"CMT","MFN",10,10,0,10,10,12,0,0,4374.315,
"I2","H0","484","Mexico","3419","Manufacture of pulp, paper and paperboard articles","840","United States",1995,1995,"CMT","AHS",4.18,7,3.86,0,8,11,0,0,13803,
"I2","H0","484","Mexico","3419","Manufacture of pulp, paper and paperboard articles","840","United States",1995,1995,"CMT","BND",35,35,0,35,35,11,0,11,13803,100
"I2","H0","484","Mexico","3419","Manufacture of pulp, paper and paperboard articles","840","United States",1995,1995,"CMT","MFN",10,10,0,10,10,11,0,0,13803,
"I2","H0","484","Mexico","3419","Manufacture of pulp, paper and paperboard articles","840","United States",1995,1995,"CMT","PRF",4.18,7,3.86,0,8,,,0,13803,
"I2","H0","484","Mexico","3420","Printing, publishing and allied industries","840","United States",1991,1991,"CMT","AHS",10.03,6.51,7.81,0,20,74,0,22,149880.234,
"I2","H0","484","Mexico","3420","Printing, publishing and allied industries","840","United States",1991,1991,"CMT","MFN",10.03,6.51,7.81,0,20,74,0,22,149880.234,
"I2","H0","484","Mexico","3420","Printing, publishing and allied industries","840","United States",1995,1995,"CMT","AHS",2.74,3.09,4.45,0,16,63,0,3,449999,
"I2","H0","484","Mexico","3420","Printing, publishing and allied industries","840","United States",1995,1995,"CMT","BND",33.98,33.23,11.34,0,50,44,0,40,449999,100
"I2","H0","484","Mexico","3420","Printing, publishing and allied industries","840","United States",1995,1995,"CMT","MFN",10.27,8.82,7.68,0,20,63,0,18,449999,
"I2","H0","484","Mexico","3420","Printing, publishing and allied industries","840","United States",1995,1995,"CMT","PRF",2.74,3.09,4.45,0,16,,,3,449999,
"I2","H0","484","Mexico","3511","Manufacture of basic industrial chemicals except f","840","United States",1991,1991,"CMT","AHS",10.14,7.99,2.68,0,20,2104,0,7,1233029.451,
"I2","H0","484","Mexico","3511","Manufacture of basic industrial chemicals except f","840","United States",1991,1991,"CMT","MFN",10.14,7.99,2.68,0,20,2104,0,7,1233029.451,
"I2","H0","484","Mexico","3511","Manufacture of basic industrial chemicals except f","840","United States",1995,1995,"CMT","AHS",3.25,2.54,4.23,0,16,1934,0,2,1948968,
"I2","H0","484","Mexico","3511","Manufacture of basic industrial chemicals except f","840","United States",1995,1995,"CMT","BND",34.8,34.66,5.42,0,50,967,0,964,1948968,100
"I2","H0","484","Mexico","3511","Manufacture of basic industrial chemicals except f","840","United States",1995,1995,"CMT","MFN",9.89,6.87,3.51,0,20,1934,0,6,1948968,
"I2","H0","484","Mexico","3511","Manufacture of basic industrial chemicals except f","840","United States",1995,1995,"CMT","PRF",3.23,2.51,4.2,0,16,,,2,1939863,
"I2","H0","484","Mexico","3512","Manufacture of fertilizers and pesticides","840","United States",1991,1991,"CMT","AHS",10.57,11.21,1.98,10,15,41,0,0,56826.63,
"I2","H0","484","Mexico","3512","Manufacture of fertilizers and pesticides","840","United States",1991,1991,"CMT","MFN",10.57,11.21,1.98,10,15,41,0,0,56826.63,
"I2","H0","484","Mexico","3512","Manufacture of fertilizers and pesticides","840","United States",1995,1995,"CMT","AHS",1.01,0.57,2.64,0,10,39,0,0,142627,
"I2","H0","484","Mexico","3512","Manufacture of fertilizers and pesticides","840","United States",1995,1995,"CMT","BND",31.15,31.55,9.21,10,50,31,0,27,142627,100
"I2","H0","484","Mexico","3512","Manufacture of fertilizers and pesticides","840","United States",1995,1995,"CMT","MFN",6.28,2.95,5.19,0,15,39,0,0,142627,
"I2","H0","484","Mexico","3512","Manufacture of fertilizers and pesticides","840","United States",1995,1995,"CMT","PRF",1.01,0.57,2.64,0,10,,,0,142627,
"I2","H0","484","Mexico","3513","Manufacture of synthetic resins, plastic materials","840","United States",1991,1991,"CMT","AHS",11.64,8.39,3.8,0,20,354,0,4,814820.439,
"I2","H0","484","Mexico","3513","Manufacture of synthetic resins, plastic materials","840","United States",1991,1991,"CMT","MFN",11.64,8.39,3.8,0,20,354,0,4,814820.439,
"I2","H0","484","Mexico","3513","Manufacture of synthetic resins, plastic materials","840","United States",1995,1995,"CMT","AHS",5.51,5.61,4.98,0,12,298,0,0,1827046,
"I2","H0","484","Mexico","3513","Manufacture of synthetic resins, plastic materials","840","United States",1995,1995,"CMT","BND",34.71,34.07,3.81,18,50,183,0,183,1827046,100
"I2","H0","484","Mexico","3513","Manufacture of synthetic resins, plastic materials","840","United States",1995,1995,"CMT","MFN",11.48,10.09,3.98,0,20,298,0,4,1827046,
"I2","H0","484","Mexico","3513","Manufacture of synthetic resins, plastic materials","840","United States",1995,1995,"CMT","PRF",5.51,5.61,4.98,0,12,,,0,1827046,
"I2","H0","484","Mexico","3521","Manufacture of paints, varnishes and lacquers","840","United States",1991,1991,"CMT","AHS",13.99,14.24,2.17,10,15,28,0,0,42908.224,
"I2","H0","484","Mexico","3521","Manufacture of paints, varnishes and lacquers","840","United States",1991,1991,"CMT","MFN",13.99,14.24,2.17,10,15,28,0,0,42908.224,
"I2","H0","484","Mexico","3521","Manufacture of paints, varnishes and lacquers","840","United States",1995,1995,"CMT","AHS",5.76,7.47,5.89,0,12,26,0,0,154124,
"I2","H0","484","Mexico","3521","Manufacture of paints, varnishes and lacquers","840","United States",1995,1995,"CMT","BND",35,35,0,35,35,12,0,12,154124,100
"I2","H0","484","Mexico","3521","Manufacture of paints, varnishes and lacquers","840","United States",1995,1995,"CMT","MFN",13.99,14.35,2.22,10,15,26,0,0,154124,
"I2","H0","484","Mexico","3521","Manufacture of paints, varnishes and lacquers","840","United States",1995,1995,"CMT","PRF",5.76,7.47,5.89,0,12,,,0,154124,
"I2","H0","484","Mexico","3522","Manufacture of drugs and medicines","840","United States",1991,1991,"CMT","AHS",12.47,12.21,4.15,0,20,334,0,34,91254.566,
"I2","H0","484","Mexico","3522","Manufacture of drugs and medicines","840","United States",1991,1991,"CMT","MFN",12.47,12.21,4.15,0,20,334,0,34,91254.566,
"I2","H0","484","Mexico","3522","Manufacture of drugs and medicines","840","United States",1995,1995,"CMT","AHS",5.74,8.03,6.03,0,16,332,0,30,147865,
"I2","H0","484","Mexico","3522","Manufacture of drugs and medicines","840","United States",1995,1995,"CMT","BND",36.2,37.08,5.53,10,50,192,0,191,147865,100
"I2","H0","484","Mexico","3522","Manufacture of drugs and medicines","840","United States",1995,1995,"CMT","MFN",12.29,12.9,4.19,0,20,332,0,33,147865,
"I2","H0","484","Mexico","3522","Manufacture of drugs and medicines","840","United States",1995,1995,"CMT","PRF",5.74,8.03,6.03,0,16,,,30,147865,
"I2","H0","484","Mexico","3523","Manufacture of soap and cleaning preparations, per","840","United States",1991,1991,"CMT","AHS",16.17,16.09,3.09,10,20,58,0,15,108588.344,
"I2","H0","484","Mexico","3523","Manufacture of soap and cleaning preparations, per","840","United States",1991,1991,"CMT","MFN",16.17,16.09,3.09,10,20,58,0,15,108588.344,
"I2","H0","484","Mexico","3523","Manufacture of soap and cleaning preparations, per","840","United States",1995,1995,"CMT","AHS",9.16,9.74,5.64,0,16,53,0,7,207869,
"I2","H0","484","Mexico","3523","Manufacture of soap and cleaning preparations, per","840","United States",1995,1995,"CMT","BND",35.65,35.7,3.39,35,50,37,0,37,207869,100
"I2","H0","484","Mexico","3523","Manufacture of soap and cleaning preparations, per","840","United States",1995,1995,"CMT","MFN",16.16,15.82,3.13,10,20,53,0,15,207869,
"I2","H0","484","Mexico","3523","Manufacture of soap and cleaning preparations, per","840","United States",1995,1995,"CMT","PRF",9.16,9.74,5.64,0,16,,,7,207869,
"I2","H0","484","Mexico","3529","Manufacture of chemical products not elsewhere cla","840","United States",1991,1991,"CMT","AHS",13.89,13.79,2.88,5,20,170,0,11,188738.826,
"I2","H0","484","Mexico","3529","Manufacture of chemical products not elsewhere cla","840","United States",1991,1991,"CMT","MFN",13.89,13.79,2.88,5,20,170,0,11,188738.826,
"I2","H0","484","Mexico","3529","Manufacture of chemical products not elsewhere cla","840","United States",1995,1995,"CMT","AHS",6.12,7.19,5.92,0,16,135,0,3,396359,
"I2","H0","484","Mexico","3529","Manufacture of chemical products not elsewhere cla","840","United States",1995,1995,"CMT","BND",33.19,33.79,7.04,10,50,137,0,135,396359,100
"I2","H0","484","Mexico","3529","Manufacture of chemical products not elsewhere cla","840","United States",1995,1995,"CMT","MFN",13.87,14.19,3.3,0,20,135,0,11,396359,
"I2","H0","484","Mexico","3529","Manufacture of chemical products not elsewhere cla","840","United States",1995,1995,"CMT","PRF",6.12,7.19,5.92,0,16,,,3,396359,
"I2","H0","484","Mexico","3530","Petroleum refineries","840","United States",1991,1991,"CMT","AHS",10.28,8.54,3.16,0,15,60,0,0,859895.142,
"I2","H0","484","Mexico","3530","Petroleum refineries","840","United States",1991,1991,"CMT","MFN",10.28,8.54,3.16,0,15,60,0,0,859895.142,
"I2","H0","484","Mexico","3530","Petroleum refineries","840","United States",1995,1995,"CMT","AHS",3.02,4.19,4.1,0,12,40,0,0,878358.008,
"I2","H0","484","Mexico","3530","Petroleum refineries","840","United States",1995,1995,"CMT","BND",32.83,34.22,6.66,10,35,26,0,24,878358.008,100
"I2","H0","484","Mexico","3530","Petroleum refineries","840","United States",1995,1995,"CMT","MFN",10.1,7.52,3.96,0,15,40,0,0,878358.008,
"I2","H0","484","Mexico","3530","Petroleum refineries","840","United States",1995,1995,"CMT","PRF",3.02,4.19,4.1,0,12,,,0,878358.008,
"I2","H0","484","Mexico","3540","Manufacture of miscellaneous products of petroleum","840","United States",1991,1991,"CMT","AHS",11.25,9.99,3.53,0,15,17,0,0,60730.766,
"I2","H0","484","Mexico","3540","Manufacture of miscellaneous products of petroleum","840","United States",1991,1991,"CMT","MFN",11.25,9.99,3.53,0,15,17,0,0,60730.766,
"I2","H0","484","Mexico","3540","Manufacture of miscellaneous products of petroleum","840","United States",1995,1995,"CMT","AHS",2.06,2.66,3.86,0,12,17,0,0,85963,
"I2","H0","484","Mexico","3540","Manufacture of miscellaneous products of petroleum","840","United States",1995,1995,"CMT","BND",32.34,31.01,10.17,0,35,12,0,11,85963,100
"I2","H0","484","Mexico","3540","Manufacture of miscellaneous products of petroleum","840","United States",1995,1995,"CMT","MFN",10.94,10.33,3.63,0,15,17,0,0,85963,
"I2","H0","484","Mexico","3540","Manufacture of miscellaneous products of petroleum","840","United States",1995,1995,"CMT","PRF",2.06,2.66,3.86,0,12,,,0,85963,
"I2","H0","484","Mexico","3551","Tyre and tube industries","840","United States",1991,1991,"CMT","AHS",17.63,18.73,4.81,10,20,22,0,14,138165.134,
"I2","H0","484","Mexico","3551","Tyre and tube industries","840","United States",1991,1991,"CMT","MFN",17.63,18.73,4.81,10,20,22,0,14,138165.134,
"I2","H0","484","Mexico","3551","Tyre and tube industries","840","United States",1995,1995,"CMT","AHS",10.5,11.12,6.41,0,20,23,0,6,158260,
"I2","H0","484","Mexico","3551","Tyre and tube industries","840","United States",1995,1995,"CMT","BND",34.81,34.98,3,20,35,24,0,24,158260,100
"I2","H0","484","Mexico","3551","Tyre and tube industries","840","United States",1995,1995,"CMT","MFN",17.63,19,4.76,10,20,23,0,15,158260,
"I2","H0","484","Mexico","3551","Tyre and tube industries","840","United States",1995,1995,"CMT","PRF",10.5,11.12,6.41,0,20,,,6,158260,
"I2","H0","484","Mexico","3559","Manufacture of rubber products not elsewhere class","840","United States",1991,1991,"CMT","AHS",14.25,13.45,2.84,10,20,111,0,8,115281.688,
"I2","H0","484","Mexico","3559","Manufacture of rubber products not elsewhere class","840","United States",1991,1991,"CMT","MFN",14.25,13.45,2.84,10,20,111,0,8,115281.688,
"I2","H0","484","Mexico","3559","Manufacture of rubber products not elsewhere class","840","United States",1995,1995,"CMT","AHS",10.01,9.35,4.14,0,16,112,0,6,461648,
"I2","H0","484","Mexico","3559","Manufacture of rubber products not elsewhere class","840","United States",1995,1995,"CMT","BND",35.38,35.01,1.99,35,50,56,0,56,461648,100
"I2","H0","484","Mexico","3559","Manufacture of rubber products not elsewhere class","840","United States",1995,1995,"CMT","MFN",14.27,13.27,2.83,10,20,112,0,8,461648,
"I2","H0","484","Mexico","3559","Manufacture of rubber products not elsewhere class","840","United States",1995,1995,"CMT","PRF",10.01,9.35,4.14,0,16,,,6,461648,
"I2","H0","484","Mexico","3560","Manufacture of plastic products not elsewhere clas","840","United States",1991,1991,"CMT","AHS",17.57,16.28,4.26,10,20,124,0,58,344140.604,
"I2","H0","484","Mexico","3560","Manufacture of plastic products not elsewhere clas","840","United States",1991,1991,"CMT","MFN",17.57,16.28,4.26,10,20,124,0,58,344140.604,
"I2","H0","484","Mexico","3560","Manufacture of plastic products not elsewhere clas","840","United States",1995,1995,"CMT","AHS",12.43,10.3,6.19,0,20,123,0,51,2705360.952,
"I2","H0","484","Mexico","3560","Manufacture of plastic products not elsewhere clas","840","United States",1995,1995,"CMT","BND",34.83,31.71,4.34,10,37,67,0,66,2705360.952,100
"I2","H0","484","Mexico","3560","Manufacture of plastic products not elsewhere clas","840","United States",1995,1995,"CMT","MFN",17.3,15.65,4.68,0,20,123,0,63,2705360.952,
"I2","H0","484","Mexico","3560","Manufacture of plastic products not elsewhere clas","840","United States",1995,1995,"CMT","PRF",12.43,10.3,6.19,0,20,,,51,2705360.952,
"I2","H0","484","Mexico","3610","Manufacture of pottery, china and earthenware","840","United States",1991,1991,"CMT","AHS",16.33,15.75,4.19,10,20,47,0,12,25167.935,
"I2","H0","484","Mexico","3610","Manufacture of pottery, china and earthenware","840","United States",1991,1991,"CMT","MFN",16.33,15.75,4.19,10,20,47,0,12,25167.935,
"I2","H0","484","Mexico","3610","Manufacture of pottery, china and earthenware","840","United States",1995,1995,"CMT","AHS",7.34,1.13,6.82,0,20,36,0,5,79549,
"I2","H0","484","Mexico","3610","Manufacture of pottery, china and earthenware","840","United States",1995,1995,"CMT","BND",35.27,35.25,3.35,35,50,19,0,19,79549,100
"I2","H0","484","Mexico","3610","Manufacture of pottery, china and earthenware","840","United States",1995,1995,"CMT","MFN",17.38,12.81,4.47,10,20,36,0,11,79549,
"I2","H0","484","Mexico","3610","Manufacture of pottery, china and earthenware","840","United States",1995,1995,"CMT","PRF",5.23,1.02,5.73,0,20,,,3,79106,
"I2","H0","484","Mexico","3620","Manufacture of glass and glass products","840","United States",1991,1991,"CMT","AHS",16.11,14.62,4.23,10,20,222,0,84,125149.964,
"I2","H0","484","Mexico","3620","Manufacture of glass and glass products","840","United States",1991,1991,"CMT","MFN",16.11,14.62,4.23,10,20,222,0,84,125149.964,
"I2","H0","484","Mexico","3620","Manufacture of glass and glass products","840","United States",1995,1995,"CMT","AHS",7.75,7.63,6.9,0,20,167,0,40,518837,
"I2","H0","484","Mexico","3620","Manufacture of glass and glass products","840","United States",1995,1995,"CMT","BND",35.19,34.84,5.28,10,50,77,0,75,518837,100
"I2","H0","484","Mexico","3620","Manufacture of glass and glass products","840","United States",1995,1995,"CMT","MFN",15.85,13.86,4.38,0,20,167,0,59,518837,
"I2","H0","484","Mexico","3620","Manufacture of glass and glass products","840","United States",1995,1995,"CMT","PRF",7.54,7.61,6.79,0,20,,,38,518093,
"I2","H0","484","Mexico","3691","Manufacture of structural clay products","840","United States",1991,1991,"CMT","AHS",17.6,14.9,3.41,10,20,32,0,11,28308.202,
"I2","H0","484","Mexico","3691","Manufacture of structural clay products","840","United States",1991,1991,"CMT","MFN",17.6,14.9,3.41,10,20,32,0,11,28308.202,
"I2","H0","484","Mexico","3691","Manufacture of structural clay products","840","United States",1995,1995,"CMT","AHS",6.02,8.46,5.96,0,16,26,0,4,47173,
"I2","H0","484","Mexico","3691","Manufacture of structural clay products","840","United States",1995,1995,"CMT","BND",35.54,35.13,3.74,35,50,15,0,15,47173,100
"I2","H0","484","Mexico","3691","Manufacture of structural clay products","840","United States",1995,1995,"CMT","MFN",17.54,14.31,3.67,10,20,26,0,10,47173,
"I2","H0","484","Mexico","3691","Manufacture of structural clay products","840","United States",1995,1995,"CMT","PRF",6.02,8.46,5.96,0,16,,,4,47173,
"I2","H0","484","Mexico","3692","Manufacture of cement, lime and plaster","840","United States",1991,1991,"CMT","AHS",8.57,3.08,3.5,0,10,7,0,0,6880.242,
"I2","H0","484","Mexico","3692","Manufacture of cement, lime and plaster","840","United States",1991,1991,"CMT","MFN",8.57,3.08,3.5,0,10,7,0,0,6880.242,
"I2","H0","484","Mexico","3692","Manufacture of cement, lime and plaster","840","United States",1995,1995,"CMT","AHS",3,2.03,3,0,6,8,0,0,7508,
"I2","H0","484","Mexico","3692","Manufacture of cement, lime and plaster","840","United States",1995,1995,"CMT","BND",35,35,0,35,35,8,0,8,7508,100
"I2","H0","484","Mexico","3692","Manufacture of cement, lime and plaster","840","United States",1995,1995,"CMT","MFN",8.75,4.53,3.31,0,10,8,0,0,7508,
"I2","H0","484","Mexico","3692","Manufacture of cement, lime and plaster","840","United States",1995,1995,"CMT","PRF",3,2.03,3,0,6,,,0,7508,
"I2","H0","484","Mexico","3699","Manufacture of non-metallic mineral products not e","840","United States",1991,1991,"CMT","AHS",15.89,14.62,3.41,10,20,101,0,23,58230.396,
"I2","H0","484","Mexico","3699","Manufacture of non-metallic mineral products not e","840","United States",1991,1991,"CMT","MFN",15.89,14.62,3.41,10,20,101,0,23,58230.396,
"I2","H0","484","Mexico","3699","Manufacture of non-metallic mineral products not e","840","United States",1995,1995,"CMT","AHS",5.01,5.14,5.09,0,12,94,0,0,112644,
"I2","H0","484","Mexico","3699","Manufacture of non-metallic mineral products not e","840","United States",1995,1995,"CMT","BND",35,35,0,35,35,71,0,71,112644,100
"I2","H0","484","Mexico","3699","Manufacture of non-metallic mineral products not e","840","United States",1995,1995,"CMT","MFN",15.88,14.27,3.38,10,20,94,0,22,112644,
"I2","H0","484","Mexico","3699","Manufacture of non-metallic mineral products not e","840","United States",1995,1995,"CMT","PRF",5.01,5.14,5.09,0,12,,,0,112644,
"I2","H0","484","Mexico","3710","Iron and steel basic industries","840","United States",1991,1991,"CMT","AHS",10.52,9.68,2.4,0,15,625,0,0,883212.259,
"I2","H0","484","Mexico","3710","Iron and steel basic industries","840","United States",1991,1991,"CMT","MFN",10.52,9.68,2.4,0,15,625,0,0,883212.259,
"I2","H0","484","Mexico","3710","Iron and steel basic industries","840","United States",1995,1995,"CMT","AHS",6.91,6.9,3.79,0,15,437,0,0,1075778,
"I2","H0","484","Mexico","3710","Iron and steel basic industries","840","United States",1995,1995,"CMT","BND",34.7,34.41,4.44,10,50,350,0,349,1075778,100
"I2","H0","484","Mexico","3710","Iron and steel basic industries","840","United States",1995,1995,"CMT","MFN",10.52,10.06,2.79,0,15,437,0,0,1075778,
"I2","H0","484","Mexico","3710","Iron and steel basic industries","840","United States",1995,1995,"CMT","PRF",6.9,6.88,3.79,0,15,,,0,1069318,
"I2","H0","484","Mexico","3720","Non-ferrous metal basic industries","840","United States",1991,1991,"CMT","AHS",10.93,10.85,3.27,0,20,250,0,6,384175.789,
"I2","H0","484","Mexico","3720","Non-ferrous metal basic industries","840","United States",1991,1991,"CMT","MFN",10.93,10.85,3.27,0,20,250,0,6,384175.789,
"I2","H0","484","Mexico","3720","Non-ferrous metal basic industries","840","United States",1995,1995,"CMT","AHS",4.52,4.82,4.72,0,15,209,0,0,935153.992,
"I2","H0","484","Mexico","3720","Non-ferrous metal basic industries","840","United States",1995,1995,"CMT","BND",33.91,34.62,5.71,0,35,164,0,158,935153.992,100
"I2","H0","484","Mexico","3720","Non-ferrous metal basic industries","840","United States",1995,1995,"CMT","MFN",10.43,9.98,3.7,0,20,209,0,2,935153.992,
"I2","H0","484","Mexico","3720","Non-ferrous metal basic industries","840","United States",1995,1995,"CMT","PRF",4.4,4.81,4.73,0,15,,,0,934163.992,
"I2","H0","484","Mexico","3811","Manufacture of cutlery, hand tools and general har","840","United States",1991,1991,"CMT","AHS",17.11,14.11,4.33,0,20,281,0,140,347791.741,
"I2","H0","484","Mexico","3811","Manufacture of cutlery, hand tools and general har","840","United States",1991,1991,"CMT","MFN",17.11,14.11,4.33,0,20,281,0,140,347791.741,
"I2","H0","484","Mexico","3811","Manufacture of cutlery, hand tools and general har","840","United States",1995,1995,"CMT","AHS",8.42,6.06,5.93,0,20,234,0,35,1558833,
"I2","H0","484","Mexico","3811","Manufacture of cutlery, hand tools and general har","840","United States",1995,1995,"CMT","BND",35.12,35.06,2.16,35,50,94,0,94,1558833,100
"I2","H0","484","Mexico","3811","Manufacture of cutlery, hand tools and general har","840","United States",1995,1995,"CMT","MFN",16.79,12.46,4.8,0,20,234,0,102,1558833,
"I2","H0","484","Mexico","3811","Manufacture of cutlery, hand tools and general har","840","United States",1995,1995,"CMT","PRF",8.42,6.06,5.93,0,20,,,35,1558833,
"I2","H0","484","Mexico","3812","Manufacture of furnitures and fixtures primarily o","840","United States",1991,1991,"CMT","AHS",19.58,19.14,1.57,15,20,9,0,8,28684.158,
"I2","H0","484","Mexico","3812","Manufacture of furnitures and fixtures primarily o","840","United States",1991,1991,"CMT","MFN",19.58,19.14,1.57,15,20,9,0,8,28684.158,
"I2","H0","484","Mexico","3812","Manufacture of furnitures and fixtures primarily o","840","United States",1995,1995,"CMT","AHS",4,2.77,6.38,0,16,9,0,1,64985,
"I2","H0","484","Mexico","3812","Manufacture of furnitures and fixtures primarily o","840","United States",1995,1995,"CMT","BND",35,35,0,35,35,3,0,3,64985,100
"I2","H0","484","Mexico","3812","Manufacture of furnitures and fixtures primarily o","840","United States",1995,1995,"CMT","MFN",19.58,19.15,1.57,15,20,9,0,8,64985,
"I2","H0","484","Mexico","3812","Manufacture of furnitures and fixtures primarily o","840","United States",1995,1995,"CMT","PRF",4,2.77,6.38,0,16,,,1,64985,
"I2","H0","484","Mexico","3813","Manufacture of structural metal products","840","United States",1991,1991,"CMT","AHS",14.96,15.23,3.66,10,20,47,0,10,75820.296,
"I2","H0","484","Mexico","3813","Manufacture of structural metal products","840","United States",1991,1991,"CMT","MFN",14.96,15.23,3.66,10,20,47,0,10,75820.296,
"I2","H0","484","Mexico","3813","Manufacture of structural metal products","840","United States",1995,1995,"CMT","AHS",9.27,10.39,6.42,0,20,37,0,4,105092,
"I2","H0","484","Mexico","3813","Manufacture of structural metal products","840","United States",1995,1995,"CMT","BND",34.94,34.87,5.08,25,50,25,0,25,105092,100
"I2","H0","484","Mexico","3813","Manufacture of structural metal products","840","United States",1995,1995,"CMT","MFN",14.66,14.47,4.47,0,20,37,0,10,105092,
"I2","H0","484","Mexico","3813","Manufacture of structural metal products","840","United States",1995,1995,"CMT","PRF",8.1,9.89,5.83,0,16,,,1,99380,
"I2","H0","484","Mexico","3819","Manufacture of fabricated metal products except ma","840","United States",1991,1991,"CMT","AHS",15.08,14.69,4.18,0,20,329,0,102,309456.091,
"I2","H0","484","Mexico","3819","Manufacture of fabricated metal products except ma","840","United States",1991,1991,"CMT","MFN",15.08,14.69,4.18,0,20,329,0,102,309456.091,
"I2","H0","484","Mexico","3819","Manufacture of fabricated metal products except ma","840","United States",1995,1995,"CMT","AHS",7.27,5.76,5.89,0,20,307,0,29,1456188.016,
"I2","H0","484","Mexico","3819","Manufacture of fabricated metal products except ma","840","United States",1995,1995,"CMT","BND",34.84,34.98,2.75,10,50,151,0,150,1456188.016,100
"I2","H0","484","Mexico","3819","Manufacture of fabricated metal products except ma","840","United States",1995,1995,"CMT","MFN",14.97,12.99,4.3,0,20,307,0,89,1456188.016,
"I2","H0","484","Mexico","3819","Manufacture of fabricated metal products except ma","840","United States",1995,1995,"CMT","PRF",7.21,5.74,5.89,0,20,,,29,1453964.016,
"I2","H0","484","Mexico","3821","Manufacture of engines and turbines","840","United States",1991,1991,"CMT","AHS",11.47,11.03,3.3,10,20,36,0,4,91085.867,
"I2","H0","484","Mexico","3821","Manufacture of engines and turbines","840","United States",1991,1991,"CMT","MFN",11.47,11.03,3.3,10,20,36,0,4,91085.867,
"I2","H0","484","Mexico","3821","Manufacture of engines and turbines","840","United States",1995,1995,"CMT","AHS",3.17,1.15,4.51,0,12,28,0,0,124957,
"I2","H0","484","Mexico","3821","Manufacture of engines and turbines","840","United States",1995,1995,"CMT","BND",36.39,36.03,5.79,35,50,22,0,22,124957,100
"I2","H0","484","Mexico","3821","Manufacture of engines and turbines","840","United States",1995,1995,"CMT","MFN",11.39,10.84,3.62,10,20,28,0,4,124957,
"I2","H0","484","Mexico","3821","Manufacture of engines and turbines","840","United States",1995,1995,"CMT","PRF",3.17,1.15,4.51,0,12,,,0,124957,
"I2","H0","484","Mexico","3822","Manufacture of agricultural machinery and equipmen","840","United States",1991,1991,"CMT","AHS",12.21,12.69,2.96,10,20,81,0,5,151462.558,
"I2","H0","484","Mexico","3822","Manufacture of agricultural machinery and equipmen","840","United States",1991,1991,"CMT","MFN",12.21,12.69,2.96,10,20,81,0,5,151462.558,
"I2","H0","484","Mexico","3822","Manufacture of agricultural machinery and equipmen","840","United States",1995,1995,"CMT","AHS",0.64,0.67,2.88,0,16,67,0,1,75264,
"I2","H0","484","Mexico","3822","Manufacture of agricultural machinery and equipmen","840","United States",1995,1995,"CMT","BND",32.5,33.19,5.41,20,35,51,0,51,75264,100
"I2","H0","484","Mexico","3822","Manufacture of agricultural machinery and equipmen","840","United States",1995,1995,"CMT","MFN",3.18,3.32,5.82,0,20,67,0,4,75264,
"I2","H0","484","Mexico","3822","Manufacture of agricultural machinery and equipmen","840","United States",1995,1995,"CMT","PRF",0.64,0.67,2.88,0,16,,,1,75264,
"I2","H0","484","Mexico","3823","Manufacture of metal and wood working machinery","840","United States",1991,1991,"CMT","AHS",13.1,12.97,4.3,10,20,277,0,72,368456.696,
"I2","H0","484","Mexico","3823","Manufacture of metal and wood working machinery","840","United States",1991,1991,"CMT","MFN",13.1,12.97,4.3,10,20,277,0,72,368456.696,
"I2","H0","484","Mexico","3823","Manufacture of metal and wood working machinery","840","United States",1995,1995,"CMT","AHS",2.78,4.61,4.69,0,16,236,0,1,604753,
"I2","H0","484","Mexico","3823","Manufacture of metal and wood working machinery","840","United States",1995,1995,"CMT","BND",35.09,34.88,7.11,20,50,262,0,262,604753,100
"I2","H0","484","Mexico","3823","Manufacture of metal and wood working machinery","840","United States",1995,1995,"CMT","MFN",8.73,11.34,7.91,0,20,236,0,57,604753,
"I2","H0","484","Mexico","3823","Manufacture of metal and wood working machinery","840","United States",1995,1995,"CMT","PRF",2.78,4.61,4.69,0,16,,,1,604753,
"I2","H0","484","Mexico","3824","Manufacture of special industrial machinery and eq","840","United States",1991,1991,"CMT","AHS",12.13,14.47,4.12,10,20,412,0,90,946125.872,
"I2","H0","484","Mexico","3824","Manufacture of special industrial machinery and eq","840","United States",1991,1991,"CMT","MFN",12.13,14.47,4.12,10,20,412,0,90,946125.872,
"I2","H0","484","Mexico","3824","Manufacture of special industrial machinery and eq","840","United States",1995,1995,"CMT","AHS",1.43,4.46,4.6,0,16,336,0,7,1057572.992,
"I2","H0","484","Mexico","3824","Manufacture of special industrial machinery and eq","840","United States",1995,1995,"CMT","BND",35.74,35.46,7.47,20,50,339,0,339,1057572.992,100
"I2","H0","484","Mexico","3824","Manufacture of special industrial machinery and eq","840","United States",1995,1995,"CMT","MFN",5.13,9.22,7.79,0,20,336,0,60,1057572.992,
"I2","H0","484","Mexico","3824","Manufacture of special industrial machinery and eq","840","United States",1995,1995,"CMT","PRF",1.44,4.47,4.61,0,16,,,7,1056384.992,
"I2","H0","484","Mexico","3825","Manufacture of office, computing and accounting ma","840","United States",1991,1991,"CMT","AHS",16.3,14.61,4.82,5,20,91,0,48,890685.806,
"I2","H0","484","Mexico","3825","Manufacture of office, computing and accounting ma","840","United States",1991,1991,"CMT","MFN",16.3,14.61,4.82,5,20,91,0,48,890685.806,
"I2","H0","484","Mexico","3825","Manufacture of office, computing and accounting ma","840","United States",1995,1995,"CMT","AHS",3.2,6.85,7.54,0,20,93,0,14,1193689.992,
"I2","H0","484","Mexico","3825","Manufacture of office, computing and accounting ma","840","United States",1995,1995,"CMT","BND",35.2,34.33,3.08,25,50,135,0,135,1193689.992,100
"I2","H0","484","Mexico","3825","Manufacture of office, computing and accounting ma","840","United States",1995,1995,"CMT","MFN",16.21,11.52,6,0,20,93,0,55,1193689.992,
"I2","H0","484","Mexico","3825","Manufacture of office, computing and accounting ma","840","United States",1995,1995,"CMT","PRF",3.2,6.85,7.54,0,20,,,14,1193689.992,
"I2","H0","484","Mexico","3829","Machinery and equipment except electrical not else","840","United States",1991,1991,"CMT","AHS",14.4,14.08,4.02,10,20,799,0,188,1867151.708,
"I2","H0","484","Mexico","3829","Machinery and equipment except electrical not else","840","United States",1991,1991,"CMT","MFN",14.4,14.08,4.02,10,20,799,0,188,1867151.708,
"I2","H0","484","Mexico","3829","Machinery and equipment except electrical not else","840","United States",1995,1995,"CMT","AHS",5.03,5.47,5.51,0,20,649,0,34,2896910.016,
"I2","H0","484","Mexico","3829","Machinery and equipment except electrical not else","840","United States",1995,1995,"CMT","BND",35.1,35.16,5.65,20,50,355,0,355,2896910.016,100
"I2","H0","484","Mexico","3829","Machinery and equipment except electrical not else","840","United States",1995,1995,"CMT","MFN",13.34,12.36,5.94,0,20,649,0,162,2896910.016,
"I2","H0","484","Mexico","3829","Machinery and equipment except electrical not else","840","United States",1995,1995,"CMT","PRF",5.03,5.47,5.51,0,20,,,34,2896910.016,
"I2","H0","484","Mexico","3831","Manufacture of electrical industrial machinery and","840","United States",1991,1991,"CMT","AHS",13.55,13.22,3.14,5,20,381,0,29,516445.84,
"I2","H0","484","Mexico","3831","Manufacture of electrical industrial machinery and","840","United States",1991,1991,"CMT","MFN",13.55,13.22,3.14,5,20,381,0,29,516445.84,
"I2","H0","484","Mexico","3831","Manufacture of electrical industrial machinery and","840","United States",1995,1995,"CMT","AHS",7.07,6.03,5.31,0,16,341,0,7,3424124,
"I2","H0","484","Mexico","3831","Manufacture of electrical industrial machinery and","840","United States",1995,1995,"CMT","BND",32.95,32.76,6.35,10,50,266,0,260,3424124,100
"I2","H0","484","Mexico","3831","Manufacture of electrical industrial machinery and","840","United States",1995,1995,"CMT","MFN",13.34,11.97,3.94,0,20,341,0,27,3424124,
"I2","H0","484","Mexico","3831","Manufacture of electrical industrial machinery and","840","United States",1995,1995,"CMT","PRF",7.07,6.03,5.31,0,16,,,7,3424124,
"I2","H0","484","Mexico","3832","Manufacture of radio, television and communication","840","United States",1991,1991,"CMT","AHS",14.07,14.74,4.03,5,20,323,0,66,938332.793,
"I2","H0","484","Mexico","3832","Manufacture of radio, television and communication","840","United States",1991,1991,"CMT","MFN",14.07,14.74,4.03,5,20,323,0,66,938332.793,
"I2","H0","484","Mexico","3832","Manufacture of radio, television and communication","840","United States",1995,1995,"CMT","AHS",3.57,4.3,6.65,0,20,328,0,24,6499696,
"I2","H0","484","Mexico","3832","Manufacture of radio, television and communication","840","United States",1995,1995,"CMT","BND",34.63,34.57,4.55,20,50,286,0,286,6499696,100
"I2","H0","484","Mexico","3832","Manufacture of radio, television and communication","840","United States",1995,1995,"CMT","MFN",12.17,8.61,5.84,0,20,328,0,79,6499696,
"I2","H0","484","Mexico","3832","Manufacture of radio, television and communication","840","United States",1995,1995,"CMT","PRF",2.83,4.22,6.46,0,20,,,20,6459209,
"I2","H0","484","Mexico","3833","Manufacture of electrical appliances and houseware","840","United States",1991,1991,"CMT","AHS",18.34,18.21,3.59,10,20,60,0,37,86430.16,
"I2","H0","484","Mexico","3833","Manufacture of electrical appliances and houseware","840","United States",1991,1991,"CMT","MFN",18.34,18.21,3.59,10,20,60,0,37,86430.16,
"I2","H0","484","Mexico","3833","Manufacture of electrical appliances and houseware","840","United States",1995,1995,"CMT","AHS",9.76,8.32,5.56,0,20,65,0,11,135139,
"I2","H0","484","Mexico","3833","Manufacture of electrical appliances and houseware","840","United States",1995,1995,"CMT","BND",35,35,0,35,35,28,0,28,135139,100
"I2","H0","484","Mexico","3833","Manufacture of electrical appliances and houseware","840","United States",1995,1995,"CMT","MFN",18.42,16.07,3.3,10,20,65,0,38,135139,
"I2","H0","484","Mexico","3833","Manufacture of electrical appliances and houseware","840","United States",1995,1995,"CMT","PRF",9.76,8.32,5.56,0,20,,,11,135139,
"I2","H0","484","Mexico","3839","Manufacture of electrical apparatus and supplies n","840","United States",1991,1991,"CMT","AHS",13.26,13.04,2.51,10,20,209,0,2,413532.068,
"I2","H0","484","Mexico","3839","Manufacture of electrical apparatus and supplies n","840","United States",1991,1991,"CMT","MFN",13.26,13.04,2.51,10,20,209,0,2,413532.068,
"I2","H0","484","Mexico","3839","Manufacture of electrical apparatus and supplies n","840","United States",1995,1995,"CMT","AHS",6.94,7.55,5.19,0,20,181,0,1,2835290.04,
"I2","H0","484","Mexico","3839","Manufacture of electrical apparatus and supplies n","840","United States",1995,1995,"CMT","BND",35.06,35.04,4.48,25,50,91,0,91,2835290.04,100
"I2","H0","484","Mexico","3839","Manufacture of electrical apparatus and supplies n","840","United States",1995,1995,"CMT","MFN",13.08,13.35,3.34,0,20,181,0,3,2835290.04,
"I2","H0","484","Mexico","3839","Manufacture of electrical apparatus and supplies n","840","United States",1995,1995,"CMT","PRF",6.94,7.55,5.19,0,20,,,1,2835290.04,
"I2","H0","484","Mexico","3841","Shipbuilding and repairing","840","United States",1991,1991,"CMT","AHS",12.72,12.26,4.29,0,20,41,0,7,71996.756,
"I2","H0","484","Mexico","3841","Shipbuilding and repairing","840","United States",1991,1991,"CMT","MFN",12.72,12.26,4.29,0,20,41,0,7,71996.756,
"I2","H0","484","Mexico","3841","Shipbuilding and repairing","840","United States",1995,1995,"CMT","AHS",4.42,5.15,5.19,0,16,24,0,2,26349,
"I2","H0","484","Mexico","3841","Shipbuilding and repairing","840","United States",1995,1995,"CMT","BND",34.12,34.98,3.44,20,35,18,0,18,26349,100
"I2","H0","484","Mexico","3841","Shipbuilding and repairing","840","United States",1995,1995,"CMT","MFN",13.9,13.48,4.15,10,20,24,0,6,26349,
"I2","H0","484","Mexico","3841","Shipbuilding and repairing","840","United States",1995,1995,"CMT","PRF",4.42,5.15,5.19,0,16,,,2,26349,
"I2","H0","484","Mexico","3842","Manufacture of railroad equipment","840","United States",1991,1991,"CMT","AHS",10.12,9.96,1.77,0,15,48,0,0,104043.304,
"I2","H0","484","Mexico","3842","Manufacture of railroad equipment","840","United States",1991,1991,"CMT","MFN",10.12,9.96,1.77,0,15,48,0,0,104043.304,
"I2","H0","484","Mexico","3842","Manufacture of railroad equipment","840","United States",1995,1995,"CMT","AHS",2.09,1.24,3.93,0,10,30,0,0,40321,
"I2","H0","484","Mexico","3842","Manufacture of railroad equipment","840","United States",1995,1995,"CMT","BND",33.61,32.29,7.5,10,35,20,0,18,40321,100
"I2","H0","484","Mexico","3842","Manufacture of railroad equipment","840","United States",1995,1995,"CMT","MFN",9.64,6.07,2.87,0,15,30,0,0,40321,
"I2","H0","484","Mexico","3842","Manufacture of railroad equipment","840","United States",1995,1995,"CMT","PRF",2.09,1.24,3.93,0,10,,,0,40321,
"I2","H0","484","Mexico","3843","Manufacture of motor vehicles","840","United States",1991,1991,"CMT","AHS",15.52,15.13,3.69,10,20,233,0,45,822903.153,
"I2","H0","484","Mexico","3843","Manufacture of motor vehicles","840","United States",1991,1991,"CMT","MFN",15.52,15.13,3.69,10,20,233,0,45,822903.153,
"I2","H0","484","Mexico","3843","Manufacture of motor vehicles","840","United States",1995,1995,"CMT","AHS",9.06,8.58,5.49,0,20,215,0,22,3385946,
"I2","H0","484","Mexico","3843","Manufacture of motor vehicles","840","United States",1995,1995,"CMT","BND",40.05,36.11,11.86,10,50,122,0,105,3385946,100
"I2","H0","484","Mexico","3843","Manufacture of motor vehicles","840","United States",1995,1995,"CMT","MFN",15.32,13.87,3.98,0,20,215,0,45,3385946,
"I2","H0","484","Mexico","3843","Manufacture of motor vehicles","840","United States",1995,1995,"CMT","PRF",7.57,7.26,5.11,0,20,,,15,3033184.992,
"I2","H0","484","Mexico","3844","Manufacture of motorcycles and bicycles","840","United States",1991,1991,"CMT","AHS",16.59,18.77,3.44,10,20,35,0,19,42835.285,
"I2","H0","484","Mexico","3844","Manufacture of motorcycles and bicycles","840","United States",1991,1991,"CMT","MFN",16.59,18.77,3.44,10,20,35,0,19,42835.285,
"I2","H0","484","Mexico","3844","Manufacture of motorcycles and bicycles","840","United States",1995,1995,"CMT","AHS",5.06,8.85,6.72,0,20,34,0,5,32945,
"I2","H0","484","Mexico","3844","Manufacture of motorcycles and bicycles","840","United States",1995,1995,"CMT","BND",35,35,0,35,35,22,0,22,32945,100
"I2","H0","484","Mexico","3844","Manufacture of motorcycles and bicycles","840","United States",1995,1995,"CMT","MFN",16.67,17.7,3.26,10,20,34,0,19,32945,
"I2","H0","484","Mexico","3844","Manufacture of motorcycles and bicycles","840","United States",1995,1995,"CMT","PRF",5.06,8.85,6.72,0,20,,,5,32945,
"I2","H0","484","Mexico","3845","Manufacture of aircraft","840","United States",1991,1991,"CMT","AHS",11.82,10.68,5.38,0,20,48,0,13,257153.167,
"I2","H0","484","Mexico","3845","Manufacture of aircraft","840","United States",1991,1991,"CMT","MFN",11.82,10.68,5.38,0,20,48,0,13,257153.167,
"I2","H0","484","Mexico","3845","Manufacture of aircraft","840","United States",1995,1995,"CMT","AHS",0.47,0,1.8,0,9,24,0,0,116102,
"I2","H0","484","Mexico","3845","Manufacture of aircraft","840","United States",1995,1995,"CMT","BND",33.9,33.62,7.19,10,35,22,0,20,116102,100
"I2","H0","484","Mexico","3845","Manufacture of aircraft","840","United States",1995,1995,"CMT","MFN",9.47,6.73,7.07,0,20,24,0,6,116102,
"I2","H0","484","Mexico","3845","Manufacture of aircraft","840","United States",1995,1995,"CMT","PRF",0.47,0,1.8,0,9,,,0,116102,
"I2","H0","484","Mexico","3849","Manufacture of transport equipment not elsewhere c","840","United States",1991,1991,"CMT","AHS",20,20,0,20,20,3,0,3,3301.568,
"I2","H0","484","Mexico","3849","Manufacture of transport equipment not elsewhere c","840","United States",1991,1991,"CMT","MFN",20,20,0,20,20,3,0,3,3301.568,
"I2","H0","484","Mexico","3849","Manufacture of transport equipment not elsewhere c","840","United States",1995,1995,"CMT","AHS",0,0,0,0,0,1,0,0,1534,
"I2","H0","484","Mexico","3849","Manufacture of transport equipment not elsewhere c","840","United States",1995,1995,"CMT","BND",35,35,0,35,35,1,0,1,1534,100
"I2","H0","484","Mexico","3849","Manufacture of transport equipment not elsewhere c","840","United States",1995,1995,"CMT","MFN",20,20,0,20,20,1,0,1,1534,
"I2","H0","484","Mexico","3849","Manufacture of transport equipment not elsewhere c","840","United States",1995,1995,"CMT","PRF",0,0,0,0,0,,,0,1534,
"I2","H0","484","Mexico","3851","Manufacture of professional and scientific, and me","840","United States",1991,1991,"CMT","AHS",12.57,12.33,3.63,10,20,293,0,41,546684.771,
"I2","H0","484","Mexico","3851","Manufacture of professional and scientific, and me","840","United States",1991,1991,"CMT","MFN",12.57,12.33,3.63,10,20,293,0,41,546684.771,
"I2","H0","484","Mexico","3851","Manufacture of professional and scientific, and me","840","United States",1995,1995,"CMT","AHS",2.7,4.42,4.88,0,16,237,0,8,1030257,
"I2","H0","484","Mexico","3851","Manufacture of professional and scientific, and me","840","United States",1995,1995,"CMT","BND",34.27,33.44,6.4,10,50,158,0,154,1030257,100
"I2","H0","484","Mexico","3851","Manufacture of professional and scientific, and me","840","United States",1995,1995,"CMT","MFN",10.79,10.5,5.48,0,20,237,0,34,1030257,
"I2","H0","484","Mexico","3851","Manufacture of professional and scientific, and me","840","United States",1995,1995,"CMT","PRF",2.7,4.42,4.88,0,16,,,8,1030257,
"I2","H0","484","Mexico","3852","Manufacture of photographic and optical goods","840","United States",1991,1991,"CMT","AHS",12.78,13.35,2.94,5,20,105,0,4,87593.788,
"I2","H0","484","Mexico","3852","Manufacture of photographic and optical goods","840","United States",1991,1991,"CMT","MFN",12.78,13.35,2.94,5,20,105,0,4,87593.788,
"I2","H0","484","Mexico","3852","Manufacture of photographic and optical goods","840","United States",1995,1995,"CMT","AHS",0.85,2.04,2.82,0,15,92,0,0,147501,
"I2","H0","484","Mexico","3852","Manufacture of photographic and optical goods","840","United States",1995,1995,"CMT","BND",35.14,34.91,5.42,25,50,95,0,95,147501,100
"I2","H0","484","Mexico","3852","Manufacture of photographic and optical goods","840","United States",1995,1995,"CMT","MFN",11.73,12.19,4.24,0,20,92,0,4,147501,
"I2","H0","484","Mexico","3852","Manufacture of photographic and optical goods","840","United States",1995,1995,"CMT","PRF",0.85,2.04,2.82,0,15,,,0,147501,
"I2","H0","484","Mexico","3853","Manufacture of watches and clocks","840","United States",1991,1991,"CMT","AHS",15.18,17.6,4.49,10,20,94,0,48,28122.18,
"I2","H0","484","Mexico","3853","Manufacture of watches and clocks","840","United States",1991,1991,"CMT","MFN",15.18,17.6,4.49,10,20,94,0,48,28122.18,
"I2","H0","484","Mexico","3853","Manufacture of watches and clocks","840","United States",1995,1995,"CMT","AHS",2.24,0.47,4.61,0,16,51,0,2,30413,
"I2","H0","484","Mexico","3853","Manufacture of watches and clocks","840","United States",1995,1995,"CMT","BND",34.48,34.58,4,20,35,65,0,65,30413,100
"I2","H0","484","Mexico","3853","Manufacture of watches and clocks","840","United States",1995,1995,"CMT","MFN",15.84,14.93,4.56,10,20,51,0,24,30413,
"I2","H0","484","Mexico","3853","Manufacture of watches and clocks","840","United States",1995,1995,"CMT","PRF",2.24,0.47,4.61,0,16,,,2,30413,
"I2","H0","484","Mexico","3901","Manufacture of jewellery and related articles","840","United States",1991,1991,"CMT","AHS",13.07,14.18,6.45,0,20,33,0,9,16165.42,
"I2","H0","484","Mexico","3901","Manufacture of jewellery and related articles","840","United States",1991,1991,"CMT","MFN",13.07,14.18,6.45,0,20,33,0,9,16165.42,
"I2","H0","484","Mexico","3901","Manufacture of jewellery and related articles","840","United States",1995,1995,"CMT","AHS",3.85,10.06,5.57,0,16,25,0,2,68356,
"I2","H0","484","Mexico","3901","Manufacture of jewellery and related articles","840","United States",1995,1995,"CMT","BND",35,35,0,35,35,25,0,25,68356,100
"I2","H0","484","Mexico","3901","Manufacture of jewellery and related articles","840","United States",1995,1995,"CMT","MFN",12,13.98,6.78,0,20,25,0,8,68356,
"I2","H0","484","Mexico","3901","Manufacture of jewellery and related articles","840","United States",1995,1995,"CMT","PRF",3.85,10.06,5.57,0,16,,,2,68356,
"I2","H0","484","Mexico","3902","Manufacture of musical instruments","840","United States",1991,1991,"CMT","AHS",14.78,16.62,3.65,10,20,47,0,12,10054.12,
"I2","H0","484","Mexico","3902","Manufacture of musical instruments","840","United States",1991,1991,"CMT","MFN",14.78,16.62,3.65,10,20,47,0,12,10054.12,
"I2","H0","484","Mexico","3902","Manufacture of musical instruments","840","United States",1995,1995,"CMT","AHS",0.39,0.01,1.57,0,9,32,0,0,35194,
"I2","H0","484","Mexico","3902","Manufacture of musical instruments","840","United States",1995,1995,"CMT","BND",35,35,0,35,35,23,0,23,35194,100
"I2","H0","484","Mexico","3902","Manufacture of musical instruments","840","United States",1995,1995,"CMT","MFN",9.82,10.44,7.55,0,20,32,0,7,35194,
"I2","H0","484","Mexico","3902","Manufacture of musical instruments","840","United States",1995,1995,"CMT","PRF",0.39,0.01,1.57,0,9,,,0,35194,
"I2","H0","484","Mexico","3903","Manufacture of sporting and athletic goods","840","United States",1991,1991,"CMT","AHS",16.17,15.49,2.35,10,20,45,0,9,14158.855,
"I2","H0","484","Mexico","3903","Manufacture of sporting and athletic goods","840","United States",1991,1991,"CMT","MFN",16.17,15.49,2.35,10,20,45,0,9,14158.855,
"I2","H0","484","Mexico","3903","Manufacture of sporting and athletic goods","840","United States",1995,1995,"CMT","AHS",2.44,0.52,4.44,0,12,32,0,0,52301,
"I2","H0","484","Mexico","3903","Manufacture of sporting and athletic goods","840","United States",1995,1995,"CMT","BND",34.55,34.47,1.89,25,35,27,0,27,52301,100
"I2","H0","484","Mexico","3903","Manufacture of sporting and athletic goods","840","United States",1995,1995,"CMT","MFN",16.1,16.97,2.53,10,20,32,0,7,52301,
"I2","H0","484","Mexico","3903","Manufacture of sporting and athletic goods","840","United States",1995,1995,"CMT","PRF",2.44,0.52,4.44,0,12,,,0,52301,
"I2","H0","484","Mexico","3909","Manufacturing industries not elsewhere classified","840","United States",1991,1991,"CMT","AHS",17.93,15.93,3.83,10,20,244,0,159,362326.71,
"I2","H0","484","Mexico","3909","Manufacturing industries not elsewhere classified","840","United States",1991,1991,"CMT","MFN",17.93,15.93,3.83,10,20,244,0,159,362326.71,
"I2","H0","484","Mexico","3909","Manufacturing industries not elsewhere classified","840","United States",1995,1995,"CMT","AHS",6.34,4.73,6.22,0,20,178,0,19,561446,
"I2","H0","484","Mexico","3909","Manufacturing industries not elsewhere classified","840","United States",1995,1995,"CMT","BND",35,35,0,35,35,113,0,113,561446,100
"I2","H0","484","Mexico","3909","Manufacturing industries not elsewhere classified","840","United States",1995,1995,"CMT","MFN",17.65,15.18,4.07,10,20,178,0,106,561446,
"I2","H0","484","Mexico","3909","Manufacturing industries not elsewhere classified","840","United States",1995,1995,"CMT","PRF",6.21,4.63,6.15,0,20,,,18,557953,
"I2","H0","484","Mexico","4101","Electric light and power","840","United States",1991,1991,"CMT","AHS",10,10,0,10,10,1,0,0,19754.144,
"I2","H0","484","Mexico","4101","Electric light and power","840","United States",1991,1991,"CMT","MFN",10,10,0,10,10,1,0,0,19754.144,
"I2","H0","484","Mexico","4101","Electric light and power","840","United States",1995,1995,"CMT","AHS",6,6,0,6,6,1,0,0,45848,
"I2","H0","484","Mexico","4101","Electric light and power","840","United States",1995,1995,"CMT","BND",35,35,0,35,35,1,0,1,45848,100
"I2","H0","484","Mexico","4101","Electric light and power","840","United States",1995,1995,"CMT","MFN",10,10,0,10,10,1,0,0,45848,
"I2","H0","484","Mexico","4101","Electric light and power","840","United States",1995,1995,"CMT","PRF",6,6,0,6,6,,,0,45848,
"I2","H0","484","Mexico","9999","Goods not elsewhere classified","840","United States",1991,1991,"CMT","AHS",10.8,3.6,6.31,0,20,37,0,7,85771.319,
"I2","H0","484","Mexico","9999","Goods not elsewhere classified","840","United States",1991,1991,"CMT","MFN",10.8,3.6,6.31,0,20,37,0,7,85771.319,
"I2","H0","484","Mexico","9999","Goods not elsewhere classified","840","United States",1995,1995,"CMT","AHS",1.2,0.12,3.04,0,12,29,0,0,139380,
"I2","H0","484","Mexico","9999","Goods not elsewhere classified","840","United States",1995,1995,"CMT","BND",35,35,0,35,35,24,0,24,139380,100
"I2","H0","484","Mexico","9999","Goods not elsewhere classified","840","United States",1995,1995,"CMT","MFN",5.63,1.18,6.36,0,15,29,0,0,139380,
"I2","H0","484","Mexico","9999","Goods not elsewhere classified","840","United States",1995,1995,"CMT","PRF",1.2,0.12,3.04,0,12,,,0,139380,
